"#Occurrance Timestamp","daily_max","name","la","station_id.x","Time","m_max","m_mean","m_min","station_id.y"
"2025-07-20T21:00:00.000Z",0.792,"Aberlour","Moray",234150,2025-07-01 09:00:00,2.972,0.645,0.307,234150
"2025-07-20T09:00:00.000Z",0.527,"Aberuchill","Perth and Kinross",14966,2025-07-01 09:00:00,1.769,0.796,0.452,14966
"2025-07-20T12:30:00.000Z",0.104,"Aberuthven","Perth and Kinross",14969,2025-07-01 09:00:00,1.665,0.181,0.019,14969
"2025-07-20T18:30:00.000Z",1.059,"Alford","Aberdeenshire",234170,2025-07-01 09:00:00,2.225,0.696,0.512,234170
"2025-07-20T18:45:00.000Z",0.366,"Allnabad","Highland",234151,2025-07-01 09:00:00,2.516,0.493,0.205,234151
"2025-07-20T09:15:00.000Z",0.095,"Allt A' Ghlas-Charnaich","Highland",368538,2025-07-01 09:00:00,0.575,0.174,0.068,368538
"2025-07-20T13:30:00.000Z",0.571,"Almondbank","Perth and Kinross",14954,2025-07-01 09:00:00,2.587,0.229,0.034,14954
"2025-07-20T21:45:00.000Z",0.598,"Alness","Highland",234152,2025-07-01 09:00:00,2.012,0.489,0.288,234152
"2025-07-20T21:30:00.000Z",0.536,"Anie","Stirling",14888,2025-07-01 09:00:00,1.516,0.569,0.17,14888
"2025-07-21T03:30:00.000Z",0.19,"Apigill","Highland",234153,2025-07-01 09:00:00,1.743,0.419,0.108,234153
"2025-07-20T09:00:00.000Z",0.576,"Arbroath","Angus",14922,2025-07-01 09:00:00,1.36,0.389,0.295,14922
"2025-07-20T21:15:00.000Z",1.483,"Arcan Spillway","Highland",234154,2025-07-01 09:00:00,2.653,1.517,0.98,234154
"2025-07-20T13:00:00.000Z",0.564,"Ardachy Bridge","Highland",234155,2025-07-01 09:00:00,2.934,0.588,0.418,234155
"2025-07-20T21:45:00.000Z",0.811,"Ariundle","Highland",234157,2025-07-01 09:00:00,2.303,0.823,0.176,234157
"2025-07-11T09:30:00.000Z",0.215,"Auchinner","Perth and Kinross",14964,2025-07-01 09:00:00,2.017,0.344,0.153,14964
"2025-07-20T09:00:00.000Z",0.748,"Auchnafree","Perth and Kinross",14952,2025-07-01 09:00:00,1.66,0.349,0.193,14952
"2025-07-20T20:00:00.000Z",0.444,"Avochie","Aberdeenshire",234161,2025-07-01 09:00:00,2.159,0.307,0.192,234161
"2025-07-20T11:30:00.000Z",1.78,"Balbrogie","Perth and Kinross",14947,2025-07-01 09:00:00,4.256,0.507,0.09,14947
"2025-07-20T09:00:00.000Z",0.426,"Balfour Mains","Fife",14894,2025-07-01 09:00:00,1.502,0.378,0.233,14894
"2025-07-20T13:45:00.000Z",0.628,"Ballachraggan","Moray",516803,2025-07-01 09:00:00,1.033,0.435,0.332,516803
"2025-07-20T15:45:00.000Z",1.533,"Ballathie","Perth and Kinross",14937,2025-07-01 09:00:00,3.888,0.629,0.024,14937
"2025-07-20T15:15:00.000Z",0.589,"Balmacneil","Perth and Kinross",14938,2025-07-01 09:00:00,2.333,0.284,0.017,14938
"2025-07-20T09:00:00.000Z",0.546,"Balmossie","Dundee City",14919,2025-07-01 09:00:00,1.364,0.343,0.112,14919
"2025-07-21T03:45:00.000Z",0.446,"Balnaan","Highland",234163,2025-07-01 09:00:00,2.171,0.241,0.07,234163
"2025-07-20T13:15:00.000Z",-0.033,"Balnafoich","Highland",206846,2025-07-01 09:00:00,1.925,0.319,-0.028,206846
"2025-07-20T16:45:00.000Z",0.414,"Bannockburn","Stirling",14897,2025-07-01 09:00:00,1.438,0.423,0.361,14897
"2025-07-20T23:00:00.000Z",0.399,"Boat O  Brig","Moray",234167,2025-07-01 09:00:00,3.076,0.428,-0.025,234167
"2025-07-20T09:45:00.000Z",0.71,"Boat Of Garten","Highland",234168,2025-07-01 09:00:00,2.683,0.493,0.265,234168
"2025-07-20T22:00:00.000Z",0.033,"Borgie Bridge","Highland",234334,2025-07-01 09:00:00,1.286,0.216,-0.171,234334
"2025-07-20T12:30:00.000Z",0.872,"Brechin","Angus",14917,2025-07-01 09:00:00,2.308,0.25,-0.158,14917
"2025-07-20T18:00:00.000Z",0.601,"Bridge Of Allan","Stirling",14889,2025-07-01 09:00:00,2.035,0.475,0.219,14889
"2025-07-20T11:15:00.000Z",2.728,"Bridge Of Earn","Perth and Kinross",14971,2025-07-01 09:00:00,4.061,1.378,0.155,14971
"2025-07-20T23:00:00.000Z",0.661,"Bridge Of Teith","Stirling",14887,2025-07-01 09:00:00,1.881,0.632,0.358,14887
"2025-07-20T16:45:00.000Z",0.275,"Brodie","Moray",234173,2025-07-01 09:00:00,1.109,0.315,0.201,234173
"2025-07-21T08:15:00.000Z",0.72,"Bruachrobie","Highland",234174,2025-07-01 09:00:00,1.648,0.685,0.49,234174
"2025-07-20T14:15:00.000Z",0.527,"Cabrach","Moray",234176,2025-07-01 09:00:00,1.63,0.344,0.172,234176
"2025-07-20T19:15:00.000Z",0.241,"Callander","Stirling",14911,2025-07-01 09:00:00,1.115,0.362,0.034,14911
"2025-07-21T03:30:00.000Z",0.695,"Camisky","Highland",234178,2025-07-01 09:00:00,3.231,0.809,0.226,234178
"2025-07-20T10:15:00.000Z",0.867,"Camusvrachan","Perth and Kinross",14950,2025-07-01 09:00:00,1.77,0.452,0.279,14950
"2025-07-20T17:30:00.000Z",0.649,"Caputh","Perth and Kinross",14936,2025-07-01 09:00:00,2.503,0.406,0.128,14936
"2025-07-20T13:00:00.000Z",0.128,"Carron (Stonehaven)","Aberdeenshire",320374,2025-07-01 09:00:00,1.04,0.175,-0.021,320374
"2025-07-20T09:00:00.000Z",0.209,"Castlehill Reservoir","Perth and Kinross",14908,2025-07-01 09:00:00,1.524,0.24,0.114,14908
"2025-07-21T00:45:00.000Z",0.643,"Claggan","Highland",116011,2025-07-01 09:00:00,2.7,0.421,0.097,116011
"2025-07-20T09:00:00.000Z",0.095,"Cleuchhead","Aberdeenshire",499810,2025-07-01 09:00:00,0.65,0.054,-0.011,499810
"2025-07-20T09:00:00.000Z",0.416,"Colliston","Angus",14921,2025-07-01 09:00:00,1.179,0.278,0.025,14921
"2025-07-20T12:00:00.000Z",0.963,"Comrie Bridge","Perth and Kinross",14951,2025-07-01 09:00:00,2.267,0.396,0.208,14951
"2025-07-21T08:15:00.000Z",2.109,"Conon Bridge","Highland",234185,2025-07-01 09:00:00,2.992,1.872,1.603,234185
"2025-07-20T18:45:00.000Z",0.43,"Craigard","Highland",234189,2025-07-01 09:00:00,1.045,0.505,0.35,234189
"2025-07-20T09:00:00.000Z",1.211,"Craigendarroch","Highland",356326,2025-07-01 09:00:00,2.419,1.352,1.039,356326
"2025-07-21T01:15:00.000Z",0.437,"Craigforth","Stirling",4638,2025-07-01 09:00:00,1.965,0.438,0.11,4638
"2025-07-20T10:00:00.000Z",1.316,"Craighall (Perth)","Perth and Kinross",14956,2025-07-01 09:00:00,2.752,0.624,0.465,14956
"2025-07-20T09:00:00.000Z",0.204,"Creed Bridge","Na h-Eileanan an Iar",234190,2025-07-01 09:00:00,1.348,0.264,0.032,234190
"2025-07-20T13:30:00.000Z",0.689,"Crieff","Perth and Kinross",520119,2025-07-01 09:00:00,2.61,0.402,0.153,520119
"2025-07-20T16:00:00.000Z",0.307,"Culfork","Aberdeenshire",234191,2025-07-01 09:00:00,1.006,0.097,0,234191
"2025-07-21T08:15:00.000Z",0.241,"Cullen","Moray",234192,2025-07-01 09:00:00,1.611,0.336,0.201,234192
"2025-07-20T11:30:00.000Z",0.834,"Cultybraggan","Perth and Kinross",14965,2025-07-01 09:00:00,2.991,0.457,0.257,14965
"2025-07-20T11:15:00.000Z",0.484,"Dalginross","Perth and Kinross",14967,2025-07-01 09:00:00,3.032,0.236,-0.081,14967
"2025-07-20T09:00:00.000Z",0.934,"Dalhousie Bridge","Angus",14925,2025-07-01 09:00:00,2.531,0.305,0.142,14925
"2025-07-20T09:00:00.000Z",0.576,"Dalnamein","Perth and Kinross",14960,2025-07-01 09:00:00,1.609,0.202,0.043,14960
"2025-07-20T10:30:00.000Z",0.045,"Damleys Cottage","Perth and Kinross",14912,2025-07-01 09:00:00,0.518,0.053,0.006,14912
"2025-07-20T12:45:00.000Z",0.351,"Dean Bridge","Perth and Kinross",14946,2025-07-01 09:00:00,1.199,0.236,0.069,14946
"2025-07-20T14:45:00.000Z",0.721,"Delnashaugh","Moray",234198,2025-07-01 09:00:00,2.84,0.349,-0.339,234198
"2025-07-21T05:00:00.000Z",0.518,"Dionard","Highland",234330,2025-07-01 09:00:00,2.489,0.662,0.391,234330
"2025-07-20T11:15:00.000Z",0.229,"Diriebught House","Highland",234200,2025-07-01 09:00:00,0.62,0.216,0.176,234200
"2025-07-20T09:00:00.000Z",0.215,"Dosmucheran","Highland",234202,2025-07-01 09:00:00,1.519,0.379,0.176,234202
"2025-07-20T09:00:00.000Z",0.106,"Duchray","Stirling",14904,2025-07-01 09:00:00,0.827,0.117,0.014,14904
"2025-07-20T14:30:00.000Z",0.548,"Duchray Water","Stirling",554833,2025-07-01 09:00:00,2.037,0.59,0.376,554833
"2025-07-20T20:00:00.000Z",0.135,"Dunphail","Moray",234206,2025-07-01 09:00:00,2.577,0.195,0.013,234206
"2025-07-20T13:30:00.000Z",0.137,"Durkadale","Orkney Islands",234207,2025-07-01 09:00:00,1.172,0.153,0.071,234207
"2025-07-20T23:15:00.000Z",0.377,"Easter Turnaig","Highland",234209,2025-07-01 09:00:00,2.362,0.473,0.201,234209
"2025-07-20T17:45:00.000Z",0.769,"Ellon","Aberdeenshire",234210,2025-07-01 09:00:00,2.109,0.831,0.639,234210
"2025-07-20T14:30:00.000Z",0.114,"Elphin","Highland",368495,2025-07-01 09:00:00,1.399,0.192,0.094,368495
"2025-07-03T09:45:00.000Z",0.101,"Elrig","Stirling",14905,2025-07-01 09:00:00,0.794,0.143,0.028,14905
"2025-07-21T09:00:00.000Z",1.546,"Erchless","Highland",377135,2025-07-01 09:00:00,2.131,1.255,0.932,377135
"2025-07-20T19:30:00.000Z",0.752,"Faich Bhiorach","Highland",378262,2025-07-01 09:00:00,1.839,0.797,0.697,378262
"2025-07-20T23:45:00.000Z",0.273,"Fasnakyle","Highland",234215,2025-07-01 09:00:00,1.196,0.373,0.188,234215
"2025-07-20T09:00:00.000Z",0.947,"Feshie Bridge","Highland",234217,2025-07-01 09:00:00,2.23,0.669,0.454,234217
"2025-07-20T15:45:00.000Z",0.314,"Firhall","Highland",234218,2025-07-01 09:00:00,3.002,0.462,0.276,234218
"2025-07-21T02:00:00.000Z",0.838,"Forres","Moray",234221,2025-07-01 09:00:00,3.421,0.443,0.071,234221
"2025-07-20T09:00:00.000Z",1.37,"Forter","Angus",14948,2025-07-01 09:00:00,3.03,0.616,-0.073,14948
"2025-07-20T19:45:00.000Z",0.402,"Forteviot Bridge","Perth and Kinross",14970,2025-07-01 09:00:00,2.311,0.188,-0.102,14970
"2025-07-20T13:30:00.000Z",1.602,"Foyers","Highland",498342,2025-07-01 09:00:00,1.794,1.525,1.198,498342
"2025-07-21T00:30:00.000Z",0.698,"Gaidrew","Stirling",133086,2025-07-01 09:00:00,3.66,0.535,0.235,133086
"2025-07-20T10:15:00.000Z",29.876,"Gairlochy","Highland",559194,2025-07-01 09:00:00,30.438,29.605,29.09,559194
"2025-07-20T09:00:00.000Z",1.087,"Gargunnock","Stirling",14892,2025-07-01 09:00:00,5.892,1.15,0.432,14892
"2025-07-20T17:45:00.000Z",1.769,"Garthdee","Aberdeen City",368014,2025-07-01 09:00:00,3.092,0.806,0.516,368014
"2025-07-20T18:00:00.000Z",0.23,"Garve","Highland",234225,2025-07-01 09:00:00,2.088,0.247,0.14,234225
"2025-07-20T11:45:00.000Z",1.089,"Gella Bridge","Angus",14916,2025-07-01 09:00:00,1.992,0.241,0.049,14916
"2025-07-20T09:00:00.000Z",0.739,"Glenfalloch","Stirling",133089,2025-07-01 09:00:00,2.694,0.701,0.367,133089
"2025-07-20T12:00:00.000Z",0.329,"Glenmeanie","Highland",234227,2025-07-01 09:00:00,1.563,0.395,0.057,234227
"2025-07-20T13:15:00.000Z",0.281,"Grange","Moray",234228,2025-07-01 09:00:00,3.261,0.287,0.096,234228
"2025-07-20T14:00:00.000Z",0.687,"Grantown","Highland",234229,2025-07-01 09:00:00,2.198,0.55,0.292,234229
"2025-07-20T18:00:00.000Z",0.333,"Graystone Bridge","Stirling",518372,2025-07-01 09:00:00,1.764,0.314,0.201,518372
"2025-07-21T08:15:00.000Z",0.19,"Guthrie","Angus",14924,2025-07-01 09:00:00,0.518,0.189,0.07,14924
"2025-07-20T13:15:00.000Z",0.139,"Halkirk","Highland",234231,2025-07-01 09:00:00,1.31,0.205,0.024,234231
"2025-07-20T23:45:00.000Z",0.259,"Halladale","Highland",234232,2025-07-01 09:00:00,2.341,0.38,0.21,234232
"2025-07-21T00:00:00.000Z",2.661,"Haughton","Aberdeenshire",234235,2025-07-01 09:00:00,4.164,2.351,2.119,234235
"2025-07-20T13:15:00.000Z",0.54,"Hermitage","Perth and Kinross",8402,2025-07-01 09:00:00,2.319,0.496,0.216,8402
"2025-07-20T12:15:00.000Z",2.186,"Heugh Head","Aberdeenshire",234237,2025-07-01 09:00:00,3.683,1.11,0.877,234237
"2025-07-20T18:15:00.000Z",0.887,"Huntly Gs","Aberdeenshire",369548,2025-07-01 09:00:00,2.495,0.564,0.421,369548
"2025-07-20T15:30:00.000Z",0.589,"Inverbervie","Aberdeenshire",234241,2025-07-01 09:00:00,1.373,0.372,0.2,234241
"2025-07-20T11:15:00.000Z",0.333,"Inverbroom","Highland",234242,2025-07-01 09:00:00,2.304,0.441,0.219,234242
"2025-07-20T14:30:00.000Z",0.414,"Invergairn","Aberdeenshire",234243,2025-07-01 09:00:00,1.597,0.333,0.079,234243
"2025-07-20T11:00:00.000Z",1.282,"Inveriscandye","Aberdeenshire",371579,2025-07-01 09:00:00,3.437,0.215,0.045,371579
"2025-07-20T23:00:00.000Z",0.863,"Inverlaidnan Bridge","Highland",535718,2025-07-01 09:00:00,1.551,0.508,0.308,535718
"2025-07-20T09:00:00.000Z",1.336,"Invermark","Angus",14926,2025-07-01 09:00:00,2.999,0.402,0.228,14926
"2025-07-20T09:00:00.000Z",0.907,"Invermuick","Aberdeenshire",234247,2025-07-01 09:00:00,1.598,0.48,0.314,234247
"2025-07-21T01:45:00.000Z",0.566,"Inveroykel Bailey Bridge","Highland",354624,2025-07-01 09:00:00,3.415,0.641,0.202,354624
"2025-07-20T12:30:00.000Z",0.439,"Invertruim","Highland",234248,2025-07-01 09:00:00,1.418,0.369,-0.031,234248
"2025-07-21T06:00:00.000Z",0.388,"Inverugie","Aberdeenshire",234249,2025-07-01 09:00:00,2.046,0.4,0.215,234249
"2025-07-21T08:30:00.000Z",0.265,"Ivy Bridge","Highland",341495,2025-07-01 09:00:00,1.841,0.304,-0.566,341495
"2025-07-20T09:00:00.000Z",0.296,"Kemback","Fife",14929,2025-07-01 09:00:00,1.613,0.289,0.16,14929
"2025-07-21T07:30:00.000Z",0.644,"Kenmore","Perth and Kinross",8295,2025-07-01 09:00:00,1.189,0.631,0.317,8295
"2025-07-21T08:30:00.000Z",1.181,"Kerrow Wood","Highland",234251,2025-07-01 09:00:00,1.561,0.838,0.527,234251
"2025-07-20T09:00:00.000Z",0.6,"Killiecrankie","Perth and Kinross",14958,2025-07-01 09:00:00,3.098,0.228,-0.082,14958
"2025-07-20T21:00:00.000Z",0.422,"Killilan","Highland",234252,2025-07-01 09:00:00,1.995,0.529,0.143,234252
"2025-07-20T12:00:00.000Z",0.566,"Killin","Stirling",14933,2025-07-01 09:00:00,1.511,0.399,0.071,14933
"2025-07-20T10:15:00.000Z",0.743,"Kilphedir","Highland",234253,2025-07-01 09:00:00,2.623,0.775,0.687,234253
"2025-07-20T16:45:00.000Z",0.687,"Kinbuck","Stirling",14890,2025-07-01 09:00:00,2.892,0.533,0.311,14890
"2025-07-21T08:45:00.000Z",0.317,"Kincraig","Highland",234254,2025-07-01 09:00:00,1.775,0.366,0,234254
"2025-07-20T09:00:00.000Z",0.933,"Kindrogan","Perth and Kinross",14955,2025-07-01 09:00:00,2.282,0.162,-0.021,14955
"2025-07-20T15:45:00.000Z",0.883,"Kinkell Bridge","Perth and Kinross",14968,2025-07-01 09:00:00,3.129,0.525,0.232,14968
"2025-07-20T16:15:00.000Z",0.169,"Kinlochewe Lodge","Highland",471362,2025-07-01 09:00:00,1.706,0.357,0.146,471362
"2025-07-20T09:00:00.000Z",0.285,"Kinrara","Highland",234257,2025-07-01 09:00:00,2.132,0.234,-0.129,234257
"2025-07-20T18:30:00.000Z",0.475,"Kinross","Perth and Kinross",14903,2025-07-01 09:00:00,1.334,0.395,0.275,14903
"2025-06-25T09:00:00.000Z",0.048,"Kirkton Burn","Stirling",116005,2025-07-01 09:00:00,0.627,0.059,0.014,116005
"2025-07-20T09:30:00.000Z",0.606,"Kirkton Mill","Angus",14923,2025-07-01 09:00:00,2.026,0.529,0.313,14923
"2025-05-07T11:00:00.000Z",0.087,"Kirktown Of Fetteresso","Aberdeenshire",463690,2025-07-01 09:00:00,1.356,NA,0.066,463690
"2025-07-20T14:45:00.000Z",0.807,"Langwell Lodge","Highland",354621,2025-07-01 09:00:00,1.792,0.852,0.658,354621
"2025-07-20T12:00:00.000Z",0.364,"Lathro","Perth and Kinross",14902,2025-07-01 09:00:00,1.714,0.313,0.17,14902
"2025-07-20T09:00:00.000Z",0.414,"Laxdale","Na h-Eileanan an Iar",356217,2025-07-01 09:00:00,1.557,0.453,0.314,356217
"2025-07-20T11:00:00.000Z",0.19,"Laxford Bridge","Highland",234260,2025-07-01 09:00:00,1.196,0.389,0.018,234260
"2025-07-20T09:00:00.000Z",0.595,"Levishie","Highland",234262,2025-07-01 09:00:00,1.517,0.606,0.433,234262
"2025-07-20T14:00:00.000Z",0.842,"Links Farm","Perth and Kinross",368493,2025-07-01 09:00:00,3.977,0.54,-1.086,368493
"2025-07-20T12:30:00.000Z",0.552,"Little Assynt","Highland",234264,2025-07-01 09:00:00,1.332,0.546,0.267,234264
"2025-07-21T07:15:00.000Z",0.276,"Loakmill No 2","Perth and Kinross",474477,2025-07-01 09:00:00,1.378,0.239,0.107,474477
"2025-07-20T19:45:00.000Z",1.102,"Loch A Bhraoin","Highland",356328,2025-07-01 09:00:00,2.207,1.041,0.82,356328
"2025-07-21T06:15:00.000Z",0.318,"Loch Ailsh Level","Highland",354613,2025-07-01 09:00:00,1.273,0.371,0.157,354613
"2025-07-20T09:00:00.000Z",0.936,"Loch Ard","Stirling",554837,2025-07-01 09:00:00,1.345,0.973,0.794,554837
"2025-07-08T09:00:00.000Z",1.841,"Loch Beannacharain","Highland",473090,2025-07-01 09:00:00,3.132,1.832,1.677,473090
"2025-07-21T08:30:00.000Z",0.166,"Loch Flemington","Highland",234267,2025-07-01 09:00:00,1.69,1.072,0.171,234267
"2025-07-20T09:00:00.000Z",0.155,"Loch Katrine","Stirling",14910,2025-07-01 09:00:00,0.518,0.083,-0.024,14910
"2025-07-20T17:30:00.000Z",0.19,"Loch Leven Sluices","Perth and Kinross",477620,2025-07-01 09:00:00,1.002,0.27,0.032,477620
"2025-07-20T09:15:00.000Z",0.576,"Loch Maree","Highland",473675,2025-07-01 09:00:00,1.684,0.74,0.207,473675
"2025-07-20T14:15:00.000Z",5.132,"Loch Naver","Highland",234268,2025-07-01 09:00:00,6.217,5.258,4.988,234268
"2025-07-20T09:15:00.000Z",0.591,"Loch Tormasad","Na h-Eileanan an Iar",354622,2025-07-01 09:00:00,0.855,0.567,0.446,354622
"2025-07-20T13:30:00.000Z",0.497,"Loch Vaa","Highland",579464,2025-07-01 09:00:00,1.646,1.15,0.401,579464
"2025-07-20T21:30:00.000Z",0.135,"Loch Venachar","Stirling",14898,2025-07-01 09:00:00,0.477,0.147,0.076,14898
"2025-07-21T08:45:00.000Z",0.481,"Lochindorb Level","Highland",115371,2025-07-01 09:00:00,1.115,0.561,0.431,115371
"2025-07-21T06:45:00.000Z",0.682,"Logie Bridge","Highland",567430,2025-07-01 09:00:00,2.262,0.45,0.068,567430
"2025-07-20T12:00:00.000Z",1.266,"Logie Mill","Aberdeenshire",14927,2025-07-01 09:00:00,3.534,0.4,0.257,14927
"2025-06-23T09:00:00.000Z",0.132,"Lower Monachyle","Stirling",116006,2025-07-01 09:00:00,1.176,0.084,0.005,116006
"2025-05-19T09:00:00.000Z",0.1,"Luncarty","Perth and Kinross",14940,2025-07-01 09:00:00,1.876,NA,0.076,14940
"2025-07-20T12:45:00.000Z",0.706,"Luther Bridge","Aberdeenshire",14928,2025-07-01 09:00:00,1.483,0.277,0.159,14928
"2025-07-20T09:15:00.000Z",0.997,"Mar Lodge","Aberdeenshire",234274,2025-07-01 09:00:00,2.198,0.66,0.51,234274
"2025-07-20T09:00:00.000Z",0.815,"Marble Lodge","Perth and Kinross",14959,2025-07-01 09:00:00,2.249,0.272,0.099,14959
"2025-07-21T05:00:00.000Z",0.368,"Meikle Kinord","Aberdeenshire",356327,2025-07-01 09:00:00,0.627,0.402,0.285,356327
"2025-07-21T08:00:00.000Z",0.466,"Mill Bank","Perth and Kinross",14945,2025-07-01 09:00:00,0.928,0.43,0.228,14945
"2025-07-20T09:00:00.000Z",1.172,"Mill Croft","Na h-Eileanan an Iar",354623,2025-07-01 09:00:00,2.329,1.25,1.098,354623
"2025-03-26T09:15:00.000Z",0.221,"Mill Of Keithfield","Aberdeenshire",368494,2025-07-01 09:00:00,1.109,NA,0.128,368494
"2025-07-21T08:30:00.000Z",0.325,"Mill Of Tore","Highland",234277,2025-07-01 09:00:00,2.118,0.401,0.137,234277
"2025-07-20T13:30:00.000Z",0.307,"Minmore","Moray",234279,2025-07-01 09:00:00,1.611,0.198,0.014,234279
"2025-07-20T09:15:00.000Z",0.533,"Moar","Perth and Kinross",14949,2025-07-01 09:00:00,1.03,0.342,0,14949
"2025-07-20T20:30:00.000Z",0.549,"Moy Bridge","Highland",234284,2025-07-01 09:00:00,2.315,0.553,0.34,234284
"2025-07-21T02:45:00.000Z",0.486,"Muiresk","Aberdeenshire",234286,2025-07-01 09:00:00,3.983,0.351,0.088,234286
"2025-01-26T09:15:00.000Z",0.278,"Murton","Angus",335650,2025-07-01 09:00:00,0.744,NA,0.139,335650
"2025-07-20T10:45:00.000Z",0.986,"Ness-Side","Highland",234287,2025-07-01 09:00:00,1.996,0.919,0.306,234287
"2025-07-20T09:00:00.000Z",0.814,"New Kelso","Highland",234289,2025-07-01 09:00:00,2.355,0.573,-0.071,234289
"2025-07-20T13:00:00.000Z",0.389,"Newhall Bridge","Highland",234290,2025-07-01 09:00:00,1.222,0.3,0.233,234290
"2025-07-20T09:15:00.000Z",0.606,"Newton Bridge","Perth and Kinross",14953,2025-07-01 09:00:00,1.74,0.313,0.223,14953
"2025-07-20T15:45:00.000Z",1.743,"Park","Aberdeenshire",234291,2025-07-01 09:00:00,3.384,0.781,0.454,234291
"2025-07-21T04:00:00.000Z",1.196,"Parkhill","Aberdeenshire",234292,2025-07-01 09:00:00,2.615,1.073,0.855,234292
"2025-07-20T17:00:00.000Z",0.925,"Perth","Perth and Kinross",10048,2025-07-01 09:00:00,2.853,0.45,0.009,10048
"2025-07-06T08:00:00.000Z",0.428,"Peter S Bridge","Highland",336365,2025-07-01 09:00:00,1.704,0.446,0.286,336365
"2025-07-20T12:15:00.000Z",0.471,"Pitcaple","Aberdeenshire",234293,2025-07-01 09:00:00,1.616,0.491,0.36,234293
"2025-07-20T09:30:00.000Z",0.665,"Pitlochry","Perth and Kinross",14963,2025-07-01 09:00:00,2.657,0.346,0.074,14963
"2025-07-20T15:15:00.000Z",0.954,"Pitnacree","Perth and Kinross",14935,2025-07-01 09:00:00,2.138,0.665,0.315,14935
"2025-07-20T14:30:00.000Z",0.308,"Pluscarden Abbey","Moray",486057,2025-07-01 09:00:00,1.289,0.187,0.07,486057
"2025-07-20T09:00:00.000Z",0.934,"Polhollick","Aberdeenshire",234294,2025-07-01 09:00:00,2,0.519,0.309,234294
"2025-07-20T09:00:00.000Z",0.298,"Polloch","Highland",234295,2025-07-01 09:00:00,1.314,0.374,0.118,234295
"2025-07-20T09:00:00.000Z",0.98,"Poolewe","Highland",234296,2025-07-01 09:00:00,1.888,1.043,0.494,234296
"2025-07-20T09:00:00.000Z",0.666,"Prosen Bridge","Angus",14915,2025-07-01 09:00:00,2.429,0.289,0.162,14915
"2025-07-20T18:00:00.000Z",0.224,"Quinloch Bridge","Stirling",517413,2025-07-01 09:00:00,1.614,0.185,0.018,517413
"2025-07-20T23:15:00.000Z",0.765,"Red Bridge","Highland",234297,2025-07-01 09:00:00,1.624,0.682,0.34,234297
"2025-07-20T14:45:00.000Z",0.242,"Redcraig","Aberdeenshire",234298,2025-07-01 09:00:00,1.445,0.196,0.024,234298
"2025-07-20T13:15:00.000Z",0.441,"Renagour Bridge","Stirling",554836,2025-07-01 09:00:00,2.52,0.444,0.163,554836
"2025-07-09T13:00:00.000Z",0.57,"Rhidorroch","Highland",356990,2025-07-01 09:00:00,1.713,0.569,0.353,356990
"2025-07-20T20:15:00.000Z",0.972,"Rosehall","Highland",234300,2025-07-01 09:00:00,2.45,0.707,0.393,234300
"2025-07-21T01:45:00.000Z",0.808,"Sgodachail","Highland",234305,2025-07-01 09:00:00,2.52,0.797,0.571,234305
"2025-07-21T02:00:00.000Z",0.66,"Shenachie","Highland",234306,2025-07-01 09:00:00,2.004,0.244,0.072,234306
"2025-07-20T20:30:00.000Z",0.469,"Sheriffmills","Moray",234307,2025-07-01 09:00:00,3.085,0.331,0.18,234307
"2025-07-20T09:00:00.000Z",0.496,"Shielfoot","Highland",234310,2025-07-01 09:00:00,1.021,0.512,0.191,234310
"2025-07-20T09:00:00.000Z",0.515,"Skeabost","Highland",234313,2025-07-01 09:00:00,1.814,0.603,0.355,234313
"2025-07-21T09:00:00.000Z",1.811,"Spey Dam","Highland",234315,2025-07-01 09:00:00,5.014,1.589,-0.046,234315
"2025-07-20T09:00:00.000Z",0.267,"St Michaels","Fife",14930,2025-07-01 09:00:00,1.162,0.276,0.162,14930
"2025-07-20T10:45:00.000Z",0.243,"Strathmiglo","Fife",14931,2025-07-01 09:00:00,1.083,0.224,0.094,14931
"2025-07-20T12:45:00.000Z",0.382,"Strathpeffer","Highland",234316,2025-07-01 09:00:00,0.895,0.363,0.057,234316
"2025-07-21T04:30:00.000Z",0.189,"Strathy Bridge","Highland",234319,2025-07-01 09:00:00,1.71,0.302,0.137,234319
"2025-07-20T10:15:00.000Z",1.132,"Tannadice","Angus",14918,2025-07-01 09:00:00,2.779,0.366,0.162,14918
"2025-07-21T07:30:00.000Z",0.495,"Tarroul","Highland",234324,2025-07-01 09:00:00,2.294,0.619,0.414,234324
"2025-07-20T18:00:00.000Z",0.205,"Tromie Bridge","Highland",234327,2025-07-01 09:00:00,1.805,0.215,-0.142,234327
"2025-07-21T00:00:00.000Z",0.117,"Upper Monachyle","Stirling",116007,2025-07-01 09:00:00,0.898,0.095,0.018,116007
"2025-07-20T17:00:00.000Z",0.163,"Wardend Bridge","Moray",234331,2025-07-01 09:00:00,0.536,0.154,0.115,234331
"2025-07-20T09:00:00.000Z",0.953,"Waterside Perth","Angus",369554,2025-07-01 09:00:00,2.714,0.063,-0.137,369554
"2025-07-20T09:00:00.000Z",0.335,"Weisdale Mill","Shetland Islands",116008,2025-07-01 09:00:00,1.52,0.365,0.257,116008
"2025-07-20T09:00:00.000Z",1.251,"Wester Cardean","Angus",14944,2025-07-01 09:00:00,3.912,0.298,0.089,14944
"2025-07-21T02:00:00.000Z",0.514,"White Bridge","Highland",355980,2025-07-01 09:00:00,1.965,0.599,0.432,355980
"2025-07-20T14:00:00.000Z",1.169,"Woodend","Aberdeenshire",234333,2025-07-01 09:00:00,2.492,0.529,0.294,234333
