"#Timestamp","Value","Quality Code","name","la","station_no","station_longitude","station_latitude","range"
"2024-09-11T07:00:00.000Z",2.2,254,"Balmedie STW","Aberdeenshire",115202,-2.0473803,57.25007263,"<10mm"
"2024-09-11T07:00:00.000Z",3,254,"Rothienorman","Aberdeenshire",115239,-2.466784574,57.40900118,"<10mm"
"2024-09-11T08:00:00.000Z",33.2,254,"Loch Droma","Highland",115368,-4.936434641,57.73309629,"30-40mm"
"2024-09-11T08:00:00.000Z",15,254,"Craigdarroch","Dumfries and Galloway",115541,-3.981943267,55.196659,"10-20mm"
"2024-09-11T07:00:00.000Z",20.6,254,"East Kilbride","South Lanarkshire",115560,-4.171759227,55.75477386,"20-30mm"
"2024-09-11T08:00:00.000Z",4.4,254,"Newtonairds","Dumfries and Galloway",115627,-3.742902191,55.10134134,"<10mm"
"2024-09-11T07:00:00.000Z",11.2,254,"Luss Raingauge","Argyll and Bute",129558,-4.638863963,56.09892116,"10-20mm"
"2024-09-11T08:00:00.000Z",25.2,254,"Dippen","Argyll and Bute",133077,-5.496523588,55.58274848,"20-30mm"
"2024-09-11T07:00:00.000Z",7,254,"Bannockburn","Stirling",14897,-3.911816854,56.09528478,"<10mm"
"2024-09-11T08:00:00.000Z",5.6,254,"Forter","Angus",14948,-3.332205729,56.76674681,"<10mm"
"2024-09-11T08:00:00.000Z",6,254,"Auchnafree","Perth and Kinross",14952,-3.904678161,56.47302976,"<10mm"
"2024-09-11T07:00:00.000Z",1.8,254,"Ayton Castle","Scottish Borders",15132,-2.114611023,55.84727645,"<10mm"
"2024-09-11T07:00:00.000Z",11.6,254,"Auchentroig","Stirling",15163,-4.342412217,56.11221933,"10-20mm"
"2024-09-11T08:00:00.000Z",25.4,254,"Camphill WTW Raingauge","North Ayrshire",490984,-4.74461262,55.75032761,"20-30mm"
"2024-09-11T08:00:00.000Z",5.4,254,"Unthank Raingauge","Dumfries and Galloway",506152,-2.964073002,55.24281443,"<10mm"
"2024-09-11T07:00:00.000Z",1.4,254,"Dunnottar Radio Station","Aberdeenshire",509196,-2.21202446,56.94652496,"<10mm"
"2024-09-11T08:00:00.000Z",3.2,254,"Jedburgh Castle","Scottish Borders",541725,-2.557045815,55.47029248,"<10mm"
"2024-09-11T08:00:00.000Z",40.2,254,"Luib","Highland",115376,-5.123945869,57.5445048,"40-50mm"
"2024-09-11T08:00:00.000Z",16.4,254,"Millport","North Ayrshire",115618,-4.907441406,55.74955539,"10-20mm"
"2024-09-11T08:00:00.000Z",3.2,254,"Solwaybank","Dumfries and Galloway",115647,-3.086937218,55.08629786,"<10mm"
"2024-09-11T08:00:00.000Z",9.6,254,"Gordon Arms","Scottish Borders",14984,-3.096406906,55.51137227,"<10mm"
"2020-02-12T04:00:00.000Z",9,254,"Wolfhill","Perth and Kinross",15067,-3.370467732,56.48512657,"<10mm"
"2024-09-11T08:00:00.000Z",0.4,254,"Montrose","Angus",15078,-2.491155025,56.69908575,"<10mm"
"2024-09-11T07:00:00.000Z",8.8,254,"Braco (Dunduff)","Perth and Kinross",15161,-3.904225732,56.28192154,"<10mm"
"2024-06-04T13:00:00.000Z",1.4,254,"Mill Of Gavel","Aberdeenshire",205209,-2.009109628,57.55561687,"<10mm"
"2024-09-11T07:00:00.000Z",5.8,254,"Avochie","Aberdeenshire",234161,-2.782377895,57.50564634,"<10mm"
"2024-09-11T07:00:00.000Z",2,254,"Cleuchhead","Aberdeenshire",499810,-2.388756894,56.94774412,"<10mm"
"2024-09-11T07:00:00.000Z",3.6,254,"Comiston Rain Gauge","City of Edinburgh",525510,-3.21598827,55.91019401,"<10mm"
"2024-09-11T08:00:00.000Z",20.2,254,"Tomatin No2","Highland",564863,-4.013360208,57.33816398,"20-30mm"
"2024-09-11T06:00:00.000Z",10.6,254,"Kinbuck","Stirling",14890,-3.949530685,56.2255551,"10-20mm"
"2024-09-11T07:00:00.000Z",0.2,254,"Forsinain","Highland",115340,-3.873563607,58.41100711,"<10mm"
"2024-09-11T08:00:00.000Z",7.2,254,"Gatelawbridge","Dumfries and Galloway",115568,-3.730683565,55.25076797,"<10mm"
"2024-09-11T08:00:00.000Z",9,254,"Hydro Gardens Moffat","Dumfries and Galloway",115584,-3.452988353,55.34214596,"<10mm"
"2024-09-11T08:00:00.000Z",25.8,254,"Kirriereoch","Dumfries and Galloway",115599,-4.571934377,55.15077902,"20-30mm"
"2024-09-11T08:00:00.000Z",9.2,254,"Low Creoch","Dumfries and Galloway",115611,-4.18922643,54.90352684,"<10mm"
"2024-09-11T08:00:00.000Z",6.2,254,"Braidlie","Scottish Borders",133144,-2.824951121,55.26142915,"<10mm"
"2022-02-13T20:00:00.000Z",0,254,"Glenochil","Clackmannanshire",14891,-3.839304837,56.14364525,"<10mm"
"2024-09-11T07:00:00.000Z",1.8,254,"Mouthbridge","Scottish Borders",15022,-2.279193263,55.77012815,"<10mm"
"2024-09-11T08:00:00.000Z",11.8,254,"Eskdalemuir Observatory","Dumfries and Galloway",15100,-3.206798775,55.31151326,"10-20mm"
"2024-09-11T08:00:00.000Z",4.2,254,"Hungry Snout 2 (Whiteadder Reservoir)","East Lothian",15127,-2.539680781,55.86194126,"<10mm"
"2024-09-11T07:00:00.000Z",4.8,254,"Saline","Fife",15155,-3.585958925,56.12224003,"<10mm"
"2024-09-11T07:00:00.000Z",14,254,"High Corrie (Gartmore)","Stirling",15166,-4.446294544,56.1262023,"10-20mm"
"2024-09-11T08:00:00.000Z",10.2,254,"Dunnswood STW (Cumbernauld)","North Lanarkshire",15180,-3.954505606,55.97221885,"10-20mm"
"2024-09-11T08:00:00.000Z",16,254,"Creed Bridge","Na h-Eileanan an Iar",234190,-6.424227928,58.20454028,"10-20mm"
"2024-09-11T08:00:00.000Z",9.8,254,"Drum","Perth and Kinross",464646,-3.532323684,56.18484641,"<10mm"
"2024-09-11T07:00:00.000Z",31,254,"Loch Restil","Argyll and Bute",485489,-4.853369348,56.23604254,"30-40mm"
"2024-09-11T08:00:00.000Z",32.8,254,"Rest and be Thankful","Argyll and Bute",485490,-4.859016846,56.22216848,"30-40mm"
"2024-09-11T06:00:00.000Z",23.8,254,"Balgray RG","North Ayrshire",490985,-4.5878755,55.73428872,"20-30mm"
"2024-09-11T08:00:00.000Z",39.2,254,"Badbea","Highland",518147,-5.318746664,57.86243941,"30-40mm"
"2024-09-11T08:00:00.000Z",9.2,254,"Capenoch Raingauge","Dumfries and Galloway",576753,-3.816934219,55.22666817,"<10mm"
"2024-09-11T08:00:00.000Z",31.8,254,"Braeroy Lodge","Highland",115315,-4.738585589,56.98511362,"30-40mm"
"2024-09-11T08:00:00.000Z",32.2,254,"Coille Mhorgil","Highland",115319,-5.134923813,57.0643694,"30-40mm"
"2024-09-11T07:00:00.000Z",20.4,254,"Glen Nevis","Highland",115343,-5.067543348,56.79923208,"20-30mm"
"2024-09-11T08:00:00.000Z",21.8,254,"Amlaird","East Ayrshire",115500,-4.413260863,55.66964373,"20-30mm"
"2024-07-31T10:00:00.000Z",0,150,"Amod Farm","Argyll and Bute",115501,-5.717857841,55.35009103,"<10mm"
"2024-09-11T08:00:00.000Z",1.8,254,"Dalbeattie STW","Dumfries and Galloway",115546,-3.821987578,54.92152642,"<10mm"
"2024-09-11T07:00:00.000Z",12.2,254,"Eliock","Dumfries and Galloway",115562,-3.899113859,55.34583036,"10-20mm"
"2024-09-11T08:00:00.000Z",12.4,254,"Kirkcowan","Dumfries and Galloway",115598,-4.612059475,54.91691338,"10-20mm"
"2024-09-11T08:00:00.000Z",9.6,254,"Lanark STW","South Lanarkshire",115603,-3.795938206,55.67436394,"<10mm"
"2024-09-11T08:00:00.000Z",70.6,254,"Weisdale Mill","Shetland Islands",116008,-1.288604022,60.2593269,">70mm"
"2024-02-02T16:00:00.000Z",0,254,"Jedburgh","Scottish Borders",15006,-2.54668704,55.48529122,"<10mm"
"2021-11-10T20:00:00.000Z",0,254,"Portmoak","Perth and Kinross",15149,-3.334726298,56.19239436,"<10mm"
"2024-09-11T07:00:00.000Z",4.6,254,"Gogarbank","City of Edinburgh",15196,-3.342742573,55.92834002,"<10mm"
"2024-09-11T08:00:00.000Z",2.6,254,"Nunraw Abbey","East Lothian",15215,-2.653499917,55.92185875,"<10mm"
"2024-09-11T08:00:00.000Z",1.8,254,"Dunbar","East Lothian",15216,-2.52752897,56.00371307,"<10mm"
"2024-09-11T07:00:00.000Z",9.8,254,"Aberlour","Moray",234150,-3.205975095,57.48021805,"<10mm"
"2024-09-11T07:00:00.000Z",10.6,254,"Cabrach","Moray",234176,-3.034565786,57.34816,"10-20mm"
"2024-09-11T07:00:00.000Z",14.6,254,"Milton of Evelix TBR","Highland",494729,-4.084164503,57.89128749,"10-20mm"
"2024-09-11T07:00:00.000Z",18,254,"Kirkwall","Orkney Islands",515885,-2.949352863,58.98622363,"10-20mm"
"2024-09-11T08:00:00.000Z",7.6,254,"Balfron STW","Stirling",517412,-4.333343318,56.06523441,"<10mm"
"2024-09-11T07:00:00.000Z",4,254,"Boleside","Scottish Borders",533744,-2.798878774,55.59164323,"<10mm"
"2024-09-11T07:00:00.000Z",8.6,254,"Kingledores","Scottish Borders",14972,-3.413947163,55.54240926,"<10mm"
"2024-09-11T07:00:00.000Z",12.6,254,"Tulchan","Highland",115247,-3.44381882,57.39918687,"10-20mm"
"2024-09-11T08:00:00.000Z",19,254,"Inverewe Garden","Highland",115356,-5.596995718,57.77399694,"10-20mm"
"2024-09-11T08:00:00.000Z",5.6,254,"Boreland","Dumfries and Galloway",115518,-3.320073284,55.20254702,"<10mm"
"2024-09-11T07:00:00.000Z",15.8,254,"Caldercruix STW","North Lanarkshire",115526,-3.904553259,55.88933558,"10-20mm"
"2024-09-11T07:00:00.000Z",16.2,254,"Clachan-Seil","Argyll and Bute",115534,-5.601429727,56.30375755,"10-20mm"
"2024-09-11T07:00:00.000Z",23.6,254,"Ettrick Bay","Argyll and Bute",115563,-5.145834193,55.85650223,"20-30mm"
"2024-09-11T07:00:00.000Z",22.8,254,"Hazelwood Cottage","Argyll and Bute",115582,-5.494662553,56.26715284,"20-30mm"
"2024-09-11T07:00:00.000Z",8.4,254,"Irvine Gailes","North Ayrshire",115589,-4.663320263,55.58754361,"<10mm"
"2024-09-11T08:00:00.000Z",11.8,254,"Meadowfoot","Dumfries and Galloway",115616,-3.799886702,55.40534471,"10-20mm"
"2024-09-11T07:00:00.000Z",19,254,"Picketlaw Reservoir","East Renfrewshire",115632,-4.281846657,55.73611493,"10-20mm"
"2024-09-11T08:00:00.000Z",20.2,254,"Tobermory","Argyll and Bute",115654,-6.080645248,56.62026156,"20-30mm"
"2024-09-11T08:00:00.000Z",17.6,254,"Waulkmill Glen","East Renfrewshire",115660,-4.353627607,55.79484353,"10-20mm"
"2024-09-11T07:00:00.000Z",7.6,254,"Kindrogan","Perth and Kinross",14955,-3.544931301,56.74926972,"<10mm"
"2024-09-11T07:00:00.000Z",5.8,254,"Dalnamein","Perth and Kinross",14960,-4.053453634,56.79925858,"<10mm"
"2021-10-12T10:00:00.000Z",0.2,254,"Victoria Lodge","Scottish Borders",15101,-3.414675883,55.4925265,"<10mm"
"2024-09-11T07:00:00.000Z",5,254,"Tillicoultry","Clackmannanshire",15158,-3.7458095,56.148819,"<10mm"
"2024-09-11T08:00:00.000Z",5.4,254,"Polmonthill STW","Falkirk",15187,-3.680208641,55.99776804,"<10mm"
"2024-09-11T07:00:00.000Z",4,254,"Cullen","Moray",234192,-2.83323079,57.68712295,"<10mm"
"2024-09-11T08:00:00.000Z",6.4,254,"Delnashaugh","Moray",234198,-3.357845061,57.39970792,"<10mm"
"2024-09-11T08:00:00.000Z",27.2,254,"Durkadale","Orkney Islands",234207,-3.232172832,59.10852817,"20-30mm"
"2024-09-11T08:00:00.000Z",27.2,254,"Killilan","Highland",234252,-5.424835603,57.31881832,"20-30mm"
"2024-09-11T03:00:00.000Z",5.4,254,"Gifford Rain Gauge","East Lothian",474984,-2.768969478,55.89043578,"<10mm"
"2024-09-11T07:00:00.000Z",6.5,254,"Auchdergannach","Highland",491811,-3.651932222,57.22063972,"<10mm"
"2024-09-11T08:00:00.000Z",23.6,254,"Craigenlee Croft Raingauge","Dumfries and Galloway",513003,-5.075279664,54.86294592,"20-30mm"
"2024-09-11T07:00:00.000Z",27,254,"Glengavel Reservoir","South Lanarkshire",536846,-4.121595498,55.59038124,"20-30mm"
"2024-09-11T08:00:00.000Z",3.8,254,"Hatton No 2","Aberdeenshire",115227,-1.909678484,57.42757524,"<10mm"
"2024-09-11T07:00:00.000Z",23.4,254,"Allt Dearg House","Highland",115304,-6.187008123,57.28490502,"20-30mm"
"2024-09-11T08:00:00.000Z",6.6,254,"Fourmerkland","Dumfries and Galloway",115565,-3.412506453,55.1650788,"<10mm"
"2024-09-11T07:00:00.000Z",36.8,254,"Inveruglas","Argyll and Bute",115588,-4.71287133,56.2473573,"30-40mm"
"2024-09-11T08:00:00.000Z",1.8,254,"Kinmount House","Dumfries and Galloway",115596,-3.351411196,55.01095443,"<10mm"
"2024-09-11T08:00:00.000Z",10.8,254,"Sorbie","Dumfries and Galloway",115648,-4.42628864,54.79252816,"10-20mm"
"2024-09-11T06:00:00.000Z",14.6,254,"Ross Priory","West Dunbartonshire",133124,-4.55746111,56.05257642,"10-20mm"
"2024-09-11T07:00:00.000Z",1.2,254,"Luffness","East Lothian",14865,-2.821888561,56.02022484,"<10mm"
"2024-09-11T07:00:00.000Z",11.4,254,"Whitburn","West Lothian",14881,-3.682936938,55.87157334,"10-20mm"
"2024-09-11T08:00:00.000Z",10.6,254,"Moar","Perth and Kinross",14949,-4.388958153,56.57276553,"10-20mm"
"2024-09-11T07:00:00.000Z",4.2,254,"Torduff","City of Edinburgh",15190,-3.267160193,55.8968016,"<10mm"
"2024-09-10T11:00:00.000Z",8.2,254,"Crichton","Midlothian",15224,-2.988655721,55.84509063,"<10mm"
"2024-09-11T08:00:00.000Z",0.6,254,"Charr","Aberdeenshire",234183,-2.619402267,56.94084906,"<10mm"
"2024-09-11T08:00:00.000Z",16,254,"Halkirk","Highland",234231,-3.493004244,58.5154974,"10-20mm"
"2024-09-11T07:00:00.000Z",11.4,254,"Shotts WWTW","North Lanarkshire",494255,-3.811987501,55.81395203,"10-20mm"
"2024-09-11T07:00:00.000Z",7.6,254,"Shiplaw","Scottish Borders",14975,-3.207291434,55.72796917,"<10mm"
"2024-09-11T07:00:00.000Z",2.6,254,"Westhill","Aberdeenshire",115250,-2.291989375,57.14756943,"<10mm"
"2024-06-16T12:00:00.000Z",8.8,254,"Glendessary","Highland",115344,-5.346337447,56.98039082,"<10mm"
"2024-09-11T08:00:00.000Z",18.2,254,"Blackdyke Farm","East Ayrshire",115516,-4.326283061,55.52935031,"10-20mm"
"2024-09-11T08:00:00.000Z",11.4,254,"Burnfoot (Hawknest)","South Lanarkshire",115523,-3.895712474,55.66513433,"10-20mm"
"2024-09-11T07:00:00.000Z",19.6,254,"Lagafater Lodge","Dumfries and Galloway",115600,-4.913741812,55.04328363,"10-20mm"
"2024-09-11T07:00:00.000Z",3.2,254,"Gilston","Scottish Borders",15114,-2.883463821,55.80025456,"<10mm"
"2024-09-11T08:00:00.000Z",12.8,254,"Strathyre","Stirling",15172,-4.328975608,56.32054504,"10-20mm"
"2024-09-11T08:00:00.000Z",38.2,254,"Little Assynt","Highland",234264,-5.152302768,58.17438109,"30-40mm"
"2024-09-11T08:00:00.000Z",8,254,"Culloden Battlefield","Highland",498341,-4.09126842,57.47676464,"<10mm"
"2024-09-11T08:00:00.000Z",23.4,254,"Lochwinnoch","Renfrewshire",509677,-4.618943233,55.78853152,"20-30mm"
"2024-09-11T07:00:00.000Z",22,254,"Stewarton","East Ayrshire",536844,-4.445306033,55.72543649,"20-30mm"
"2024-09-11T07:00:00.000Z",10.8,254,"Earlsburn reservoir RG","Stirling",568155,-4.07597911,56.07055238,"10-20mm"
"2024-09-11T07:00:00.000Z",8.8,254,"The Lecht","Moray",115244,-3.249607166,57.20200168,"<10mm"
"2024-09-11T08:00:00.000Z",36.4,254,"Affric Lodge","Highland",115301,-5.005979754,57.26272622,"30-40mm"
"2024-09-11T08:00:00.000Z",28.2,254,"Inchvuilt","Highland",115354,-4.957620811,57.40830735,"20-30mm"
"2024-09-11T08:00:00.000Z",17,254,"Rhian Bridge","Highland",115390,-4.439159665,58.11499626,"10-20mm"
"2024-09-11T08:00:00.000Z",18.2,254,"Drumjohn","Dumfries and Galloway",115557,-4.32205779,55.24992466,"10-20mm"
"2024-09-11T08:00:00.000Z",8.2,254,"Ingleston Farm","Dumfries and Galloway",115585,-4.166358356,54.81170556,"<10mm"
"2024-09-11T07:00:00.000Z",9.8,254,"Quinloch Farm","Stirling",115638,-4.377500029,56.0079586,"<10mm"
"2024-09-11T08:00:00.000Z",3.1,254,"Upper Monachyle","Stirling",116007,-4.463706898,56.39271229,"<10mm"
"2024-09-11T08:00:00.000Z",48.8,254,"Glen Strae","Argyll and Bute",133088,-5.000795867,56.42522107,"40-50mm"
"2024-09-11T07:00:00.000Z",26.2,254,"Lingerton","Argyll and Bute",133106,-5.422443562,56.01244753,"20-30mm"
"2022-02-20T07:00:00.000Z",29,254,"Monyquil Farm","North Ayrshire",133115,-5.271931931,55.56419458,"20-30mm"
"2024-09-11T07:00:00.000Z",4.2,254,"Lathro","Perth and Kinross",14902,-3.42872292,56.2213192,"<10mm"
"2024-09-11T07:00:00.000Z",14.2,254,"Killin","Stirling",14933,-4.331876561,56.45816211,"10-20mm"
"2021-08-11T12:00:00.000Z",0.2,50,"Blythe","Scottish Borders",15116,-2.662263534,55.7374816,"<10mm"
"2024-09-11T08:00:00.000Z",5.6,254,"Annfield","Fife",15198,-3.371633207,56.06640057,"<10mm"
"2024-09-11T07:00:00.000Z",9.6,254,"Harperrig","West Lothian",15200,-3.435270947,55.83652095,"<10mm"
"2024-09-11T07:00:00.000Z",2.8,254,"Edinburgh RBG (Royal Botanic Garden)","City of Edinburgh",15201,-3.212310737,55.96662337,"<10mm"
"2024-09-11T07:00:00.000Z",2.2,254,"Haddington STW","East Lothian",15226,-2.75022457,55.96050923,"<10mm"
"2024-09-11T08:00:00.000Z",11,254,"Kilphedir","Highland",234253,-3.702814019,58.14138911,"10-20mm"
"2024-09-11T07:00:00.000Z",6.6,254,"Kinghorn Ecology Centre Rain Gauge","Fife",473550,-3.193432968,56.07462319,"<10mm"
"2024-09-11T08:00:00.000Z",1.4,254,"Baintown Rain-gauge","Fife",501947,-3.042679056,56.22101614,"<10mm"
"2024-09-11T08:00:00.000Z",5.9,254,"Cairngorm Raingauge and Snow Scale","Highland",523676,-3.662955858,57.127702,"<10mm"
"2024-09-11T07:00:00.000Z",5,254,"Abbey St Bathans","Scottish Borders",15018,-2.387448356,55.85329633,"<10mm"
"2024-09-11T08:00:00.000Z",4.2,254,"Chesters","Scottish Borders",15004,-2.589607681,55.37862961,"<10mm"
"2024-09-11T07:00:00.000Z",0.8,254,"Colliston","Angus",14921,-2.637841019,56.61000991,"<10mm"
"2024-09-11T07:00:00.000Z",14.8,254,"Glenmavis","North Lanarkshire",327238,-4.013210328,55.89359141,"10-20mm"
"2022-11-24T12:00:00.000Z",0.8,254,"Greenock","Inverclyde",327292,-4.723991358,55.94370132,"<10mm"
"2024-09-11T07:00:00.000Z",9.8,254,"Glen Ample","Stirling",335745,-4.269993694,56.35457736,"<10mm"
"2024-09-11T08:00:00.000Z",11.6,254,"Prestwick","South Ayrshire",344764,-4.610940702,55.50523784,"10-20mm"
"2024-09-11T08:00:00.000Z",3.6,254,"Strowan","Perth and Kinross",361047,-3.92115763,56.36918493,"<10mm"
"2024-09-10T10:00:00.000Z",2.2,254,"Inverurie","Aberdeenshire",367365,-2.362253256,57.2583172,"<10mm"
"2024-09-11T08:00:00.000Z",4,254,"Corsock","Dumfries and Galloway",336434,-3.945715778,55.05876816,"<10mm"
"2024-09-11T07:00:00.000Z",18.4,254,"Dunstaffnage","Argyll and Bute",365257,-5.439870612,56.45050242,"10-20mm"
"2024-09-11T08:00:00.000Z",2.8,254,"Baluniefield","Dundee City",374852,-2.905576117,56.48264025,"<10mm"
"2024-09-11T07:00:00.000Z",17.8,254,"Dingwall","Highland",115329,-4.446997097,57.59992025,"10-20mm"
"2024-09-11T08:00:00.000Z",2.6,254,"Gella Bridge","Angus",14916,-3.027929218,56.77535832,"<10mm"
"2024-09-11T08:00:00.000Z",2.6,254,"Canonbie Raingauge","Dumfries and Galloway",306455,-2.942088127,55.07786221,"<10mm"
"2024-09-11T07:00:00.000Z",13.4,254,"Lukeston","East Dunbartonshire",327237,-4.240765022,55.98447497,"10-20mm"
"2024-09-11T07:00:00.000Z",5.2,254,"Quarry Head","Aberdeenshire",335575,-2.025944065,57.63465034,"<10mm"
"2024-09-11T05:00:00.000Z",1,254,"St Monance","Fife",335620,-2.78271364,56.2047855,"<10mm"
"2024-09-11T08:00:00.000Z",2.4,254,"North Berwick (Kingston)","East Lothian",335621,-2.734270572,56.03149667,"<10mm"
"2024-09-10T10:00:00.000Z",10,254,"Dalvina","Highland",115327,-4.230503452,58.36488646,"<10mm"
"2024-09-11T07:00:00.000Z",2.2,254,"Ormiston Mill","Scottish Borders",15007,-2.473314492,55.54491924,"<10mm"
"2024-09-11T07:00:00.000Z",2.2,254,"Cheyne","Aberdeenshire",335574,-2.266470239,56.97482596,"<10mm"
"2024-09-11T07:00:00.000Z",6,254,"Deskry Shiel","Aberdeenshire",335582,-2.983867766,57.18037959,"<10mm"
"2024-09-11T07:00:00.000Z",7.6,254,"Bush","Midlothian",335612,-3.206554074,55.86190844,"<10mm"
"2024-09-11T07:00:00.000Z",1.2,254,"Hatton (Perth)","Angus",335640,-2.648539891,56.52513594,"<10mm"
"2024-09-11T07:00:00.000Z",14,254,"Mill Croft","Na h-Eileanan an Iar",354623,-7.368331541,57.2886568,"10-20mm"
"2024-09-11T08:00:00.000Z",8.8,254,"Lyne Station","Scottish Borders",14974,-3.25808918,55.64733183,"<10mm"
"2024-09-11T07:00:00.000Z",5,254,"Kirkcaldy","Fife",335617,-3.147961765,56.11765342,"<10mm"
"2024-09-11T08:00:00.000Z",4.6,254,"Perth Norwich Union","Perth and Kinross",341345,-3.464092253,56.38611935,"<10mm"
"2024-09-11T08:00:00.000Z",12.2,254,"Loch Tormasad","Na h-Eileanan an Iar",354622,-7.316740973,57.56195723,"10-20mm"
"2024-09-11T07:00:00.000Z",15.8,254,"Laxdale","Na h-Eileanan an Iar",356217,-6.893581696,57.86865846,"10-20mm"
"2024-09-11T08:00:00.000Z",1.6,254,"Kirriemuir STW","Angus",361048,-2.999773468,56.65983513,"<10mm"
"2024-09-11T08:00:00.000Z",4.2,254,"Glenmuick No2","Aberdeenshire",367371,-3.141253355,56.95161175,"<10mm"
"2024-09-11T07:00:00.000Z",6.8,254,"Glenquey","Perth and Kinross",464636,-3.642080305,56.20739317,"<10mm"
"2024-09-11T08:00:00.000Z",56.2,254,"Cluanie Inn","Highland",336370,-5.181590945,57.15628843,"50-60mm"
"2024-09-11T08:00:00.000Z",6,254,"Nairn Dunbar Golf Course","Highland",341224,-3.842759406,57.59406094,"<10mm"
"2024-09-11T07:00:00.000Z",9,254,"Killermont Raingauge","East Dunbartonshire",341380,-4.305014408,55.91108458,"<10mm"
"2024-09-11T08:00:00.000Z",32.2,254,"Loch Ailsh Level","Highland",354613,-4.855312073,58.04827715,"30-40mm"
"2024-09-11T08:00:00.000Z",2.4,254,"Stonyford","Angus",369551,-2.811870347,56.84214794,"<10mm"
"2024-09-11T08:00:00.000Z",1,254,"Waterside Perth","Angus",369554,-2.820760629,56.89929851,"<10mm"
"2024-09-11T08:00:00.000Z",6.8,254,"Drummore of Cantray","Highland",377134,-4.006176025,57.48325079,"<10mm"
"2024-09-11T08:00:00.000Z",14.6,254,"Garrogie Lodge","Highland",464495,-4.442843871,57.17006125,"10-20mm"
"2024-09-11T08:00:00.000Z",17.6,254,"Corrimony","Highland",115322,-4.699729622,57.33501743,"10-20mm"
"2024-09-11T08:00:00.000Z",18.4,254,"Flichity","Highland",115339,-4.221750189,57.33128618,"10-20mm"
"2024-09-11T08:00:00.000Z",15,254,"Brockhoperig","Scottish Borders",14987,-3.211513384,55.4061286,"10-20mm"
"2024-09-11T08:00:00.000Z",15.2,254,"Beltmoss","North Lanarkshire",327235,-4.056528766,55.98678855,"10-20mm"
"2024-09-11T07:00:00.000Z",14.2,254,"Broadside","Falkirk",335609,-3.978158502,56.02806207,"10-20mm"
"2024-09-11T05:00:00.000Z",1.8,254,"Murton","Angus",335650,-2.823539396,56.65077608,"<10mm"
"2024-09-11T08:00:00.000Z",9,254,"Minnigaff","Dumfries and Galloway",338429,-4.471659058,54.9588823,"<10mm"
"2024-09-11T08:00:00.000Z",34.6,254,"Scardroy No3","Highland",347562,-4.985935657,57.51892459,"30-40mm"
"2024-09-11T08:00:00.000Z",2.8,254,"Ladyflat Farm","Scottish Borders",368486,-2.369501202,55.75636712,"<10mm"
"2024-09-11T07:00:00.000Z",7.9,254,"Biggar Burn","South Lanarkshire",368536,-3.543765278,55.65035093,"<10mm"
"2024-09-11T07:00:00.000Z",5.2,254,"Murray Burn","City of Edinburgh",372859,-3.317681386,55.91287677,"<10mm"
"2024-09-11T07:00:00.000Z",9.8,254,"Daldowie STW","Glasgow City",327232,-4.122714806,55.83262494,"<10mm"
"2024-09-11T08:00:00.000Z",10.4,254,"Penwhapple Reservoir","South Ayrshire",335375,-4.747897404,55.23585144,"10-20mm"
"2024-09-11T07:00:00.000Z",1,254,"Mylnefield","Perth and Kinross",335651,-3.075838089,56.46017678,"<10mm"
"2024-09-11T08:00:00.000Z",12.2,254,"Inshes","Highland",336367,-4.184715941,57.45203372,"10-20mm"
"2024-09-11T03:00:00.000Z",7,254,"Deanston RG","Stirling",341338,-4.077181451,56.19223931,"<10mm"
"2024-09-11T08:00:00.000Z",0.6,254,"Strathkinness","Fife",11368,-2.863918962,56.33136897,"<10mm"
"2024-09-11T08:00:00.000Z",22.4,254,"Coignafearn","Highland",115318,-4.139289943,57.23285188,"20-30mm"
"2024-09-11T08:00:00.000Z",27.4,254,"Castle Kennedy","Dumfries and Galloway",116042,-4.944931414,54.90675279,"20-30mm"
"2024-09-11T08:00:00.000Z",6,254,"Gargunnock","Stirling",14892,-4.070571402,56.13266077,"<10mm"
"2024-09-10T10:00:00.000Z",1.8,254,"Rossie Farm","Fife",15070,-3.202717904,56.29912602,"<10mm"
"2024-09-11T07:00:00.000Z",11.2,254,"Dalmarnock STW","Glasgow City",327234,-4.216965486,55.8374507,"10-20mm"
"2024-09-11T08:00:00.000Z",8.8,254,"Lochindorb North","Highland",336847,-3.691385645,57.41478835,"<10mm"
"2024-09-11T08:00:00.000Z",12.4,254,"Glenmore Lodge No 2","Highland",115225,-3.677609728,57.16421784,"10-20mm"
"2024-09-11T08:00:00.000Z",2.2,254,"Portling","Dumfries and Galloway",115634,-3.744601282,54.87093795,"<10mm"
"2024-09-11T07:00:00.000Z",18.6,254,"South Moorhouse","East Renfrewshire",115649,-4.350287842,55.73251416,"10-20mm"
"2024-09-11T07:00:00.000Z",2.4,254,"Invermark","Angus",14926,-2.914811966,56.91121364,"<10mm"
"2024-09-11T08:00:00.000Z",7,254,"Auchinner","Perth and Kinross",14964,-4.112254665,56.31678388,"<10mm"
"2024-09-11T07:00:00.000Z",2.6,254,"Kinkell Bridge","Perth and Kinross",14968,-3.726992915,56.33018709,"<10mm"
"2024-09-11T08:00:00.000Z",1.2,254,"Newton of Falkland","Fife",15083,-3.186268594,56.25431474,"<10mm"
"2024-09-11T08:00:00.000Z",16.8,254,"Sluggan","Highland",234314,-3.875997348,57.27399763,"10-20mm"
"2024-09-11T08:00:00.000Z",7.4,254,"Torwinny","Moray",234326,-3.446843553,57.52198313,"<10mm"
"2024-09-11T08:00:00.000Z",9.4,254,"Tromie Bridge","Highland",234327,-3.998638147,57.0717185,"<10mm"
"2024-09-11T08:00:00.000Z",10.2,254,"Coulter Reservoir","South Lanarkshire",301400,-3.52983359,55.53306378,"10-20mm"
"2024-09-11T07:00:00.000Z",7.4,254,"RhynieGS","Aberdeenshire",368013,-2.828953912,57.3317252,"<10mm"
"2024-09-11T07:00:00.000Z",6,254,"Inverey","Aberdeenshire",115230,-3.500915775,56.98569953,"<10mm"
"2024-02-07T10:00:00.000Z",0.2,0,"Allanfearn","Highland",115302,-4.151564133,57.49914747,"<10mm"
"2024-09-11T07:00:00.000Z",16.5,254,"Baddinsgill Reservoir","Scottish Borders",15103,-3.394584951,55.7838821,"10-20mm"
"2024-09-11T07:00:00.000Z",5.8,254,"Alford","Aberdeenshire",234170,-2.717123004,57.24230294,"<10mm"
"2024-09-11T08:00:00.000Z",31.2,254,"New Kelso","Highland",234289,-5.429999168,57.42953514,"30-40mm"
"2024-09-11T08:00:00.000Z",1.4,254,"Townfoot (Glencaple)","Dumfries and Galloway",323188,-3.568993615,54.99473579,"<10mm"
"2024-09-11T07:00:00.000Z",23.8,254,"Rhiconich","Highland",336217,-4.991227379,58.42139172,"20-30mm"
"2024-09-11T08:00:00.000Z",13.4,254,"Culzean Castle","South Ayrshire",115544,-4.791520726,55.35068095,"10-20mm"
"2024-09-11T07:00:00.000Z",20.6,254,"Dunlop","East Ayrshire",115559,-4.528674906,55.70737993,"20-30mm"
"2024-09-11T07:00:00.000Z",21.6,254,"Saughall","East Ayrshire",115645,-4.226431521,55.60098751,"20-30mm"
"2024-09-04T10:00:00.000Z",6.2,254,"Green Burn","Dumfries and Galloway",133158,-4.381888551,55.0828864,"<10mm"
"2024-09-11T08:00:00.000Z",24.8,254,"Allnabad","Highland",234151,-4.644621014,58.34717676,"20-30mm"
"2024-09-11T07:00:00.000Z",20.4,254,"Avonbank","South Lanarkshire",322556,-4.051617294,55.66347112,"20-30mm"
"2024-09-11T07:00:00.000Z",5.4,254,"Forehill","Aberdeenshire",336372,-1.843281987,57.50635026,"<10mm"
"2024-09-11T08:00:00.000Z",1.8,254,"Fife Airport","Fife",15151,-3.222449068,56.1816502,"<10mm"
"2024-09-11T07:00:00.000Z",4.6,254,"Dallachy No 2","Moray",205724,-3.071018416,57.66404417,"<10mm"
"2024-09-11T08:00:00.000Z",7.6,254,"Wardend Bridge","Moray",234331,-3.608335401,57.58239454,"<10mm"
"2024-09-11T06:00:00.000Z",1.4,254,"Nigg Headworks","Aberdeen City",335797,-2.061103972,57.13140193,"<10mm"
"2024-09-11T07:00:00.000Z",3.8,254,"Old Mill of Newton","Aberdeenshire",367364,-2.577016947,57.35801578,"<10mm"
"2024-09-11T08:00:00.000Z",3.6,254,"Dipple","Moray",115217,-3.115476523,57.61125291,"<10mm"
"2024-09-11T07:00:00.000Z",3.2,254,"Gairnshiel","Aberdeenshire",115223,-3.165582141,57.09199509,"<10mm"
"2024-09-11T08:00:00.000Z",0.5,254,"Urquhart","Highland",115406,-4.374371661,57.59399199,"<10mm"
"2024-09-11T08:00:00.000Z",14.2,254,"Ashgrove","North Ayrshire",115506,-4.757486092,55.66308049,"10-20mm"
"2024-09-11T08:00:00.000Z",13.2,254,"Brigton","Dumfries and Galloway",115521,-4.566314357,55.03779638,"10-20mm"
"2024-09-11T08:00:00.000Z",7.4,254,"Merton Bank Lochmaben","Dumfries and Galloway",115617,-3.439865821,55.13494009,"<10mm"
"2024-09-11T05:00:00.000Z",36.6,254,"Dosmucheran","Highland",234202,-5.005770119,57.59587318,"30-40mm"
"2024-09-11T07:00:00.000Z",2.8,254,"Polhollick","Aberdeenshire",234294,-3.083180673,57.05514629,"<10mm"
"2024-09-11T07:00:00.000Z",30.4,254,"Sgodachail","Highland",234305,-4.546976399,57.89327664,"30-40mm"
"2024-09-11T08:00:00.000Z",13.6,254,"Spey Dam","Highland",234315,-4.336367491,57.01121062,"10-20mm"
"2024-09-11T08:00:00.000Z",8.2,254,"Strathy Bridge","Highland",234319,-4.002604762,58.55872143,"<10mm"
"2024-09-11T08:00:00.000Z",10.6,254,"Birkie Hue","Na h-Eileanan an Iar",320371,-6.740713858,58.16554218,"10-20mm"
"2024-09-11T08:00:00.000Z",1.8,254,"Cambo Sands","Fife",338380,-2.650067453,56.3008799,"<10mm"
"2024-09-11T08:00:00.000Z",0.6,254,"Keith","Moray",367360,-2.952079018,57.55084994,"<10mm"
"2024-09-11T05:00:00.000Z",5.2,254,"Blackhills No 2","Moray",115203,-3.222796593,57.61017023,"<10mm"
"2024-09-11T07:00:00.000Z",2,254,"Esslemont House","Aberdeenshire",115221,-2.112363417,57.36510966,"<10mm"
"2024-09-04T11:00:00.000Z",6.4,254,"Lower Black Laggan","Dumfries and Galloway",115612,-4.398510409,55.07053305,"<10mm"
"2024-09-11T08:00:00.000Z",11.2,254,"Duchray","Stirling",14904,-4.468109175,56.15649685,"10-20mm"
"2024-09-11T08:00:00.000Z",22.4,254,"Polloch","Highland",234295,-5.613663683,56.75844885,"20-30mm"
"2024-09-11T07:00:00.000Z",14,254,"Garls Craig","South Lanarkshire",301168,-3.616030256,55.36599829,"10-20mm"
"2024-09-11T07:00:00.000Z",2.6,254,"Mongour","Aberdeenshire",115235,-2.388582046,57.00199506,"<10mm"
"2024-09-11T08:00:00.000Z",39.6,254,"Knockanrock","Highland",115363,-5.07294078,58.03118174,"30-40mm"
"2024-09-11T08:00:00.000Z",19.2,254,"Muirkirk STW","East Ayrshire",115622,-4.096604222,55.51335703,"10-20mm"
"2024-09-04T10:00:00.000Z",5.2,254,"Upper Black Laggan","Dumfries and Galloway",115657,-4.387612866,55.06299005,"<10mm"
"2024-09-11T07:00:00.000Z",9.4,254,"Gladhouse Reservoir","Midlothian",15204,-3.117398754,55.7784118,"<10mm"
"2024-09-11T07:00:00.000Z",13.8,254,"Strathkelvin House","East Dunbartonshire",300383,-4.172710018,55.94300475,"10-20mm"
"2024-09-11T08:00:00.000Z",12,254,"Dalwhinnie","Highland",302120,-4.238639574,56.94069555,"10-20mm"
"2024-09-11T07:00:00.000Z",2.4,254,"Harelaw","Midlothian",335614,-3.086776845,55.91651494,"<10mm"
"2024-09-11T07:00:00.000Z",1.2,254,"Letham Grange","Angus",338381,-2.609495534,56.60403394,"<10mm"
"2024-09-11T08:00:00.000Z",33.6,254,"Langwell Lodge","Highland",354621,-5.100589967,57.9748238,"30-40mm"
"2024-09-11T07:00:00.000Z",2.4,254,"Tarland WWTP","Aberdeenshire",511327,-2.851450464,57.12504883,"<10mm"
"2024-09-11T08:00:00.000Z",15.8,254,"Seilich Dam","Highland",574971,-4.035393912,56.96866496,"10-20mm"
"2024-09-11T08:00:00.000Z",1.4,254,"Carmyllie-Hume Farm","Angus",577951,-2.741331877,56.57464969,"<10mm"
"2024-09-11T07:00:00.000Z",18.2,254,"Frenich Farm","Stirling",552790,-4.56047225,56.22694162,"10-20mm"
"2024-09-11T07:00:00.000Z",8.6,254,"Pluscarden Abbey","Moray",486057,-3.433170424,57.59946107,"<10mm"
"2024-09-11T08:00:00.000Z",5.6,254,"Kirkcudbright Raingauge","Dumfries and Galloway",504458,-4.038511682,54.84543419,"<10mm"
"2024-09-11T08:00:00.000Z",17.2,254,"Dundreggan Rain Gauge","Highland",530175,-4.767634199,57.19161541,"10-20mm"
"2022-03-03T14:00:00.000Z",1.6,254,"Lecht Weather Station","Aberdeenshire",412495,-3.25888009,57.19821668,"<10mm"
"2024-09-11T08:00:00.000Z",4.8,254,"Lossiemouth","Moray",473167,-3.323337879,57.71918475,"<10mm"
"2024-09-11T08:00:00.000Z",11.2,254,"Glenbreck","Scottish Borders",368490,-3.477754728,55.48202196,"10-20mm"
"2024-09-11T08:00:00.000Z",23.4,254,"White Clauchrie","South Ayrshire",502874,-4.677220867,55.1412921,"20-30mm"
"2024-09-11T08:00:00.000Z",16.2,254,"Dalblair","East Ayrshire",538510,-4.151929697,55.44485443,"10-20mm"
"2024-09-11T07:00:00.000Z",12.2,254,"Derry Lodge","Aberdeenshire",454765,-3.58738853,57.02065155,"10-20mm"
"2024-09-11T07:00:00.000Z",12.2,254,"Slamannan","Falkirk",464630,-3.832217321,55.94205217,"10-20mm"
"2024-09-11T08:00:00.000Z",1.4,254,"Battledykes - Wardmill Farm","Angus",499809,-2.895547661,56.67359266,"<10mm"
"2024-09-11T08:00:00.000Z",17.4,254,"Hunterston Terminal","North Ayrshire",469625,-4.86116797,55.74447583,"10-20mm"
"2024-09-11T07:00:00.000Z",27,254,"Muirshiel RG","Renfrewshire",490986,-4.742664896,55.84918458,"20-30mm"
"2024-09-11T08:00:00.000Z",37.6,254,"Einig Wood","Highland",492363,-4.764511928,57.94421601,"30-40mm"
"2024-09-11T06:00:00.000Z",4.4,254,"Blacklaw","Aberdeenshire",335578,-2.60024157,57.58092196,"<10mm"
"2018-01-30T10:00:00.000Z",1.4,254,"Dunglass","East Lothian",15208,-2.38288136,55.94267446,"<10mm"
"2024-09-11T07:00:00.000Z",17.8,254,"Bow Burn Raingauge","South Ayrshire",101227,-4.49863386,55.44068058,"10-20mm"
"2024-09-11T07:00:00.000Z",5.6,254,"Teviothead","Scottish Borders",14999,-2.936481216,55.34222734,"<10mm"
"2024-09-11T07:00:00.000Z",10,254,"Loch Venachar","Stirling",14898,-4.25686637,56.23425763,"<10mm"
"2024-09-11T07:00:00.000Z",13.2,254,"Loch Katrine","Stirling",14910,-4.43624573,56.22701614,"10-20mm"
"2024-09-11T08:00:00.000Z",18.2,254,"Comer Farm","Stirling",552791,-4.60131038,56.20150723,"10-20mm"
