"#Timestamp","Value","Quality Code","name","la","station_no","station_longitude","station_latitude","range"
"2025-07-21T15:00:00.000Z",3.8,1278,"Strathkinness","Fife",11368,-2.863918962,56.33136897,"<10mm"
"2025-07-21T15:00:00.000Z",22,1278,"Balmedie STW","Aberdeenshire",115202,-2.0473803,57.25007263,"20-30mm"
"2025-07-21T15:00:00.000Z",15,1278,"Rothienorman","Aberdeenshire",115239,-2.466784574,57.40900118,"10-20mm"
"2025-07-21T15:00:00.000Z",19.8,1278,"Coignafearn","Highland",115318,-4.139289943,57.23285188,"10-20mm"
"2025-07-21T15:00:00.000Z",9.6,1278,"Loch Droma","Highland",115368,-4.936434641,57.73309629,"<10mm"
"2025-07-21T15:00:00.000Z",7.6,1278,"Craigdarroch","Dumfries and Galloway",115541,-3.981943267,55.196659,"<10mm"
"2025-07-21T15:00:00.000Z",9,1278,"East Kilbride","South Lanarkshire",115560,-4.171759227,55.75477386,"<10mm"
"2025-07-21T15:00:00.000Z",0.4,1278,"Newtonairds","Dumfries and Galloway",115627,-3.742902191,55.10134134,"<10mm"
"2025-07-21T15:00:00.000Z",18.4,1278,"Castle Kennedy","Dumfries and Galloway",116042,-4.944931414,54.90675279,"10-20mm"
"2025-07-21T15:00:00.000Z",2.4,1278,"Luss Raingauge","Argyll and Bute",129558,-4.638863963,56.09892116,"<10mm"
"2025-07-21T15:00:00.000Z",5.2,1278,"Dippen","Argyll and Bute",133077,-5.496523588,55.58274848,"<10mm"
"2025-07-21T15:00:00.000Z",38.2,1278,"Glenmore Lodge No 2","Highland",115225,-3.677609728,57.16421784,"30-40mm"
"2025-07-21T15:00:00.000Z",13.4,1278,"Luib","Highland",115376,-5.123945869,57.5445048,"10-20mm"
"2025-07-21T15:00:00.000Z",12.4,1278,"Millport","North Ayrshire",115618,-4.907441406,55.74955539,"10-20mm"
"2025-07-21T10:00:00.000Z",18.6,1278,"Portling","Dumfries and Galloway",115634,-3.744601282,54.87093795,"10-20mm"
"2025-07-21T15:00:00.000Z",4.2,1278,"Solwaybank","Dumfries and Galloway",115647,-3.086937218,55.08629786,"<10mm"
"2025-07-21T15:00:00.000Z",4,1278,"South Moorhouse","East Renfrewshire",115649,-4.350287842,55.73251416,"<10mm"
"2025-07-21T15:00:00.000Z",6.8,1278,"Inverey","Aberdeenshire",115230,-3.500915775,56.98569953,"<10mm"
"2024-02-07T10:00:00.000Z",0.2,0,"Allanfearn","Highland",115302,-4.151564133,57.49914747,"<10mm"
"2025-07-12T17:00:00.000Z",0,1278,"Dingwall","Highland",115329,-4.446997097,57.59992025,"<10mm"
"2025-07-21T15:00:00.000Z",2.6,1278,"Forsinain","Highland",115340,-3.873563607,58.41100711,"<10mm"
"2025-07-21T15:00:00.000Z",13,1278,"Gatelawbridge","Dumfries and Galloway",115568,-3.730683565,55.25076797,"10-20mm"
"2025-07-21T15:00:00.000Z",9.8,1278,"Hydro Gardens Moffat","Dumfries and Galloway",115584,-3.452988353,55.34214596,"<10mm"
"2025-07-21T15:00:00.000Z",19.8,1278,"Kirriereoch","Dumfries and Galloway",115599,-4.571934377,55.15077902,"10-20mm"
"2025-07-21T15:00:00.000Z",22.4,1278,"Low Creoch","Dumfries and Galloway",115611,-4.18922643,54.90352684,"20-30mm"
"2025-07-21T15:00:00.000Z",10,1278,"Braeroy Lodge","Highland",115315,-4.738585589,56.98511362,"<10mm"
"2025-07-21T15:00:00.000Z",17.8,1278,"Coille Mhorgil","Highland",115319,-5.134923813,57.0643694,"10-20mm"
"2025-07-21T15:00:00.000Z",1.6,254,"Dalvina","Highland",115327,-4.230503452,58.36488646,"<10mm"
"2025-07-21T13:00:00.000Z",13.8,1278,"Glen Nevis","Highland",115343,-5.067543348,56.79923208,"10-20mm"
"2025-07-21T15:00:00.000Z",7.2,1278,"Amlaird","East Ayrshire",115500,-4.413260863,55.66964373,"<10mm"
"2024-07-31T10:00:00.000Z",0,150,"Amod Farm","Argyll and Bute",115501,-5.717857841,55.35009103,"<10mm"
"2025-07-21T15:00:00.000Z",3.8,1278,"Culzean Castle","South Ayrshire",115544,-4.791520726,55.35068095,"<10mm"
"2025-07-21T15:00:00.000Z",9.2,1278,"Dalbeattie STW","Dumfries and Galloway",115546,-3.821987578,54.92152642,"<10mm"
"2025-07-21T15:00:00.000Z",2.2,1278,"Dunlop","East Ayrshire",115559,-4.528674906,55.70737993,"<10mm"
"2025-07-21T15:00:00.000Z",10,1278,"Eliock","Dumfries and Galloway",115562,-3.899113859,55.34583036,"<10mm"
"2025-07-21T15:00:00.000Z",14.8,1278,"Kirkcowan","Dumfries and Galloway",115598,-4.612059475,54.91691338,"10-20mm"
"2025-07-21T15:00:00.000Z",25,1278,"Lanark STW","South Lanarkshire",115603,-3.795938206,55.67436394,"20-30mm"
"2025-07-21T15:00:00.000Z",5.6,1278,"Saughall","East Ayrshire",115645,-4.226431521,55.60098751,"<10mm"
"2025-07-21T15:00:00.000Z",1.4,1278,"Weisdale Mill","Shetland Islands",116008,-1.288604022,60.2593269,"<10mm"
"2025-07-21T15:00:00.000Z",19.8,1278,"Tulchan","Highland",115247,-3.44381882,57.39918687,"10-20mm"
"2025-07-21T15:00:00.000Z",0.6,1278,"Inverewe Garden","Highland",115356,-5.596995718,57.77399694,"<10mm"
"2025-07-21T15:00:00.000Z",1.6,1278,"Boreland","Dumfries and Galloway",115518,-3.320073284,55.20254702,"<10mm"
"2025-07-21T15:00:00.000Z",0.6,1278,"Caldercruix STW","North Lanarkshire",115526,-3.904553259,55.88933558,"<10mm"
"2025-07-21T15:00:00.000Z",18.4,1278,"Clachan-Seil","Argyll and Bute",115534,-5.601429727,56.30375755,"10-20mm"
"2025-07-21T15:00:00.000Z",2.6,1278,"Ettrick Bay","Argyll and Bute",115563,-5.145834193,55.85650223,"<10mm"
"2025-07-21T15:00:00.000Z",14.8,1278,"Hazelwood Cottage","Argyll and Bute",115582,-5.494662553,56.26715284,"10-20mm"
"2025-07-21T15:00:00.000Z",8,1278,"Irvine Gailes","North Ayrshire",115589,-4.663320263,55.58754361,"<10mm"
"2025-07-21T15:00:00.000Z",6.2,1278,"Meadowfoot","Dumfries and Galloway",115616,-3.799886702,55.40534471,"<10mm"
"2025-07-21T15:00:00.000Z",3.4,1278,"Picketlaw Reservoir","East Renfrewshire",115632,-4.281846657,55.73611493,"<10mm"
"2025-07-21T15:00:00.000Z",0.2,1278,"Tobermory","Argyll and Bute",115654,-6.080645248,56.62026156,"<10mm"
"2025-07-21T15:00:00.000Z",7.2,1278,"Waulkmill Glen","East Renfrewshire",115660,-4.353627607,55.79484353,"<10mm"
"2025-07-21T15:00:00.000Z",14.2,1278,"Dipple","Moray",115217,-3.115476523,57.61125291,"10-20mm"
"2025-07-21T15:00:00.000Z",13.6,1278,"Gairnshiel","Aberdeenshire",115223,-3.165582141,57.09199509,"10-20mm"
"2025-07-21T15:00:00.000Z",30,1278,"Hatton No 2","Aberdeenshire",115227,-1.909678484,57.42757524,"20-30mm"
"2025-07-21T15:00:00.000Z",10.2,1278,"Allt Dearg House","Highland",115304,-6.187008123,57.28490502,"10-20mm"
"2025-07-21T15:00:00.000Z",13.8,1278,"Urquhart","Highland",115406,-4.374371661,57.59399199,"10-20mm"
"2025-07-21T15:00:00.000Z",2.4,1278,"Ashgrove","North Ayrshire",115506,-4.757486092,55.66308049,"<10mm"
"2025-07-21T15:00:00.000Z",18,1278,"Brigton","Dumfries and Galloway",115521,-4.566314357,55.03779638,"10-20mm"
"2025-07-21T15:00:00.000Z",6.4,1278,"Fourmerkland","Dumfries and Galloway",115565,-3.412506453,55.1650788,"<10mm"
"2025-07-21T15:00:00.000Z",5.4,1278,"Inveruglas","Argyll and Bute",115588,-4.71287133,56.2473573,"<10mm"
"2025-07-21T15:00:00.000Z",8.6,1278,"Kinmount House","Dumfries and Galloway",115596,-3.351411196,55.01095443,"<10mm"
"2025-07-21T15:00:00.000Z",13.4,1278,"Merton Bank Lochmaben","Dumfries and Galloway",115617,-3.439865821,55.13494009,"10-20mm"
"2025-07-21T15:00:00.000Z",14.6,1278,"Sorbie","Dumfries and Galloway",115648,-4.42628864,54.79252816,"10-20mm"
"2025-07-21T15:00:00.000Z",21.2,1278,"Blackhills No 2","Moray",115203,-3.222796593,57.61017023,"20-30mm"
"2025-07-21T15:00:00.000Z",13.8,1278,"Esslemont House","Aberdeenshire",115221,-2.112363417,57.36510966,"10-20mm"
"2025-07-21T15:00:00.000Z",15.2,1278,"Westhill","Aberdeenshire",115250,-2.291989375,57.14756943,"10-20mm"
"2025-07-21T15:00:00.000Z",5.4,1278,"Corrimony","Highland",115322,-4.699729622,57.33501743,"<10mm"
"2025-07-21T15:00:00.000Z",15.4,1278,"Flichity","Highland",115339,-4.221750189,57.33128618,"10-20mm"
"2025-03-12T02:00:00.000Z",3.2,254,"Glendessary","Highland",115344,-5.346337447,56.98039082,"<10mm"
"2025-07-21T15:00:00.000Z",3,1278,"Blackdyke Farm","East Ayrshire",115516,-4.326283061,55.52935031,"<10mm"
"2025-07-21T15:00:00.000Z",9.4,1278,"Burnfoot (Hawknest)","South Lanarkshire",115523,-3.895712474,55.66513433,"<10mm"
"2025-07-21T15:00:00.000Z",24.2,1278,"Lagafater Lodge","Dumfries and Galloway",115600,-4.913741812,55.04328363,"20-30mm"
"2025-07-21T15:00:00.000Z",12.8,1278,"Lower Black Laggan","Dumfries and Galloway",115612,-4.398510409,55.07053305,"10-20mm"
"2025-07-21T15:00:00.000Z",19.9,1278,"The Lecht","Moray",115244,-3.249607166,57.20200168,"10-20mm"
"2025-07-21T15:00:00.000Z",8.2,1278,"Affric Lodge","Highland",115301,-5.005979754,57.26272622,"<10mm"
"2025-07-21T15:00:00.000Z",5,1278,"Inchvuilt","Highland",115354,-4.957620811,57.40830735,"<10mm"
"2025-07-21T15:00:00.000Z",11.4,1278,"Knockanrock","Highland",115363,-5.07294078,58.03118174,"10-20mm"
"2025-07-21T15:00:00.000Z",15.4,1278,"Rhian Bridge","Highland",115390,-4.439159665,58.11499626,"10-20mm"
"2025-07-21T15:00:00.000Z",6.8,1278,"Drumjohn","Dumfries and Galloway",115557,-4.32205779,55.24992466,"<10mm"
"2025-07-21T15:00:00.000Z",18.2,1278,"Ingleston Farm","Dumfries and Galloway",115585,-4.166358356,54.81170556,"10-20mm"
"2025-07-21T15:00:00.000Z",9.2,1278,"Muirkirk STW","East Ayrshire",115622,-4.096604222,55.51335703,"<10mm"
"2025-07-21T15:00:00.000Z",15,1278,"Quinloch Farm","Stirling",115638,-4.377500029,56.0079586,"10-20mm"
"2025-07-01T10:00:00.000Z",2.4,254,"Upper Black Laggan","Dumfries and Galloway",115657,-4.387612866,55.06299005,"<10mm"
"2025-07-21T15:00:00.000Z",18,1278,"Upper Monachyle","Stirling",116007,-4.463706898,56.39271229,"10-20mm"
"2025-07-21T15:00:00.000Z",9.2,1278,"Glen Strae","Argyll and Bute",133088,-5.000795867,56.42522107,"<10mm"
"2025-07-21T15:00:00.000Z",3.2,1278,"Gargunnock","Stirling",14892,-4.070571402,56.13266077,"<10mm"
"2025-07-21T15:00:00.000Z",2.2,1278,"Bannockburn","Stirling",14897,-3.911816854,56.09528478,"<10mm"
"2025-07-21T15:00:00.000Z",14.2,1278,"Colliston","Angus",14921,-2.637841019,56.61000991,"10-20mm"
"2025-07-21T15:00:00.000Z",7.2,1278,"Forter","Angus",14948,-3.332205729,56.76674681,"<10mm"
"2025-07-21T15:00:00.000Z",17.4,1278,"Auchnafree","Perth and Kinross",14952,-3.904678161,56.47302976,"10-20mm"
"2025-07-21T14:00:00.000Z",5.6,1278,"Invermark","Angus",14926,-2.914811966,56.91121364,"<10mm"
"2025-07-12T05:00:00.000Z",0,1278,"Auchinner","Perth and Kinross",14964,-4.112254665,56.31678388,"<10mm"
"2025-07-21T15:00:00.000Z",9.6,1278,"Kinkell Bridge","Perth and Kinross",14968,-3.726992915,56.33018709,"<10mm"
"2025-07-21T15:00:00.000Z",1,1278,"Kinbuck","Stirling",14890,-3.949530685,56.2255551,"<10mm"
"2025-07-21T14:00:00.000Z",3.2,1278,"Braidlie","Scottish Borders",133144,-2.824951121,55.26142915,"<10mm"
"2022-02-13T20:00:00.000Z",0,254,"Glenochil","Clackmannanshire",14891,-3.839304837,56.14364525,"<10mm"
"2025-07-21T15:00:00.000Z",8.4,1278,"Gella Bridge","Angus",14916,-3.027929218,56.77535832,"<10mm"
"2025-07-21T15:00:00.000Z",12.8,1278,"Kindrogan","Perth and Kinross",14955,-3.544931301,56.74926972,"10-20mm"
"2025-07-21T14:00:00.000Z",11,1278,"Dalnamein","Perth and Kinross",14960,-4.053453634,56.79925858,"10-20mm"
"2025-07-21T15:00:00.000Z",0.6,1278,"Ross Priory","West Dunbartonshire",133124,-4.55746111,56.05257642,"<10mm"
"2025-07-21T15:00:00.000Z",1.2,1278,"Whitburn","West Lothian",14881,-3.682936938,55.87157334,"<10mm"
"2025-07-21T15:00:00.000Z",22.2,1278,"Moar","Perth and Kinross",14949,-4.388958153,56.57276553,"20-30mm"
"2025-07-21T15:00:00.000Z",4.2,254,"Duchray","Stirling",14904,-4.468109175,56.15649685,"<10mm"
"2025-07-21T15:00:00.000Z",20,1278,"Lingerton","Argyll and Bute",133106,-5.422443562,56.01244753,"10-20mm"
"2025-07-21T15:00:00.000Z",3.2,1278,"Monyquil Farm","North Ayrshire",133115,-5.271931931,55.56419458,"<10mm"
"2025-07-21T15:00:00.000Z",9.6,1278,"Lathro","Perth and Kinross",14902,-3.42872292,56.2213192,"<10mm"
"2025-07-21T15:00:00.000Z",25.2,1278,"Killin","Stirling",14933,-4.331876561,56.45816211,"20-30mm"
"2025-07-21T15:00:00.000Z",3.6,1278,"Rossie Farm","Fife",15070,-3.202717904,56.29912602,"<10mm"
"2025-07-21T15:00:00.000Z",0.4,1278,"Ayton Castle","Scottish Borders",15132,-2.114611023,55.84727645,"<10mm"
"2025-07-21T15:00:00.000Z",1,1278,"Auchentroig","Stirling",15163,-4.342412217,56.11221933,"<10mm"
"2025-07-21T15:00:00.000Z",13.6,1278,"Gordon Arms","Scottish Borders",14984,-3.096406906,55.51137227,"10-20mm"
"2020-02-12T04:00:00.000Z",9,254,"Wolfhill","Perth and Kinross",15067,-3.370467732,56.48512657,"<10mm"
"2025-07-21T15:00:00.000Z",21,1278,"Montrose","Angus",15078,-2.491155025,56.69908575,"20-30mm"
"2025-07-21T15:00:00.000Z",5.4,1278,"Newton of Falkland","Fife",15083,-3.186268594,56.25431474,"<10mm"
"2025-07-21T15:00:00.000Z",9.4,1278,"Braco (Dunduff)","Perth and Kinross",15161,-3.904225732,56.28192154,"<10mm"
"2025-07-21T15:00:00.000Z",25,1278,"Mill Of Gavel","Aberdeenshire",205209,-2.009109628,57.55561687,"20-30mm"
"2025-07-21T15:00:00.000Z",15.8,1278,"Avochie","Aberdeenshire",234161,-2.782377895,57.50564634,"10-20mm"
"2025-07-21T15:00:00.000Z",0.8,1278,"Mouthbridge","Scottish Borders",15022,-2.279193263,55.77012815,"<10mm"
"2025-07-21T13:00:00.000Z",12.2,1278,"Eskdalemuir Observatory","Dumfries and Galloway",15100,-3.206798775,55.31151326,"10-20mm"
"2025-07-21T15:00:00.000Z",6.3,1278,"Baddinsgill Reservoir","Scottish Borders",15103,-3.394584951,55.7838821,"<10mm"
"2025-07-21T15:00:00.000Z",1.2,254,"Hungry Snout 2 (Whiteadder Reservoir)","East Lothian",15127,-2.539680781,55.86194126,"<10mm"
"2025-07-21T15:00:00.000Z",2.8,1278,"Saline","Fife",15155,-3.585958925,56.12224003,"<10mm"
"2025-07-21T15:00:00.000Z",3.2,1278,"High Corrie (Gartmore)","Stirling",15166,-4.446294544,56.1262023,"<10mm"
"2025-07-21T15:00:00.000Z",2.2,1278,"Dunnswood STW (Cumbernauld)","North Lanarkshire",15180,-3.954505606,55.97221885,"<10mm"
"2025-07-21T15:00:00.000Z",20.6,1278,"Alford","Aberdeenshire",234170,-2.717123004,57.24230294,"20-30mm"
"2025-07-21T15:00:00.000Z",1.2,1278,"Creed Bridge","Na h-Eileanan an Iar",234190,-6.424227928,58.20454028,"<10mm"
"2024-02-02T16:00:00.000Z",0,254,"Jedburgh","Scottish Borders",15006,-2.54668704,55.48529122,"<10mm"
"2025-07-21T15:00:00.000Z",3.4,1278,"Ormiston Mill","Scottish Borders",15007,-2.473314492,55.54491924,"<10mm"
"2021-11-10T20:00:00.000Z",0,254,"Portmoak","Perth and Kinross",15149,-3.334726298,56.19239436,"<10mm"
"2025-07-21T15:00:00.000Z",3,1278,"Gogarbank","City of Edinburgh",15196,-3.342742573,55.92834002,"<10mm"
"2025-07-21T15:00:00.000Z",0.8,1278,"Nunraw Abbey","East Lothian",15215,-2.653499917,55.92185875,"<10mm"
"2025-07-21T15:00:00.000Z",0.2,1278,"Dunbar","East Lothian",15216,-2.52752897,56.00371307,"<10mm"
"2025-07-21T15:00:00.000Z",34.6,1278,"Aberlour","Moray",234150,-3.205975095,57.48021805,"30-40mm"
"2025-07-21T15:00:00.000Z",1.8,1278,"Allnabad","Highland",234151,-4.644621014,58.34717676,"<10mm"
"2025-07-21T15:00:00.000Z",23.2,1278,"Cabrach","Moray",234176,-3.034565786,57.34816,"20-30mm"
"2025-07-21T15:00:00.000Z",10.8,1278,"Kingledores","Scottish Borders",14972,-3.413947163,55.54240926,"10-20mm"
"2025-07-21T15:00:00.000Z",11,1278,"Lyne Station","Scottish Borders",14974,-3.25808918,55.64733183,"10-20mm"
"2021-10-12T10:00:00.000Z",0.2,254,"Victoria Lodge","Scottish Borders",15101,-3.414675883,55.4925265,"<10mm"
"2025-07-21T15:00:00.000Z",3.2,1278,"Fife Airport","Fife",15151,-3.222449068,56.1816502,"<10mm"
"2025-07-21T15:00:00.000Z",1.4,1278,"Tillicoultry","Clackmannanshire",15158,-3.7458095,56.148819,"<10mm"
"2025-07-21T15:00:00.000Z",1,1278,"Polmonthill STW","Falkirk",15187,-3.680208641,55.99776804,"<10mm"
"2025-07-21T15:00:00.000Z",17,1278,"Dallachy No 2","Moray",205724,-3.071018416,57.66404417,"10-20mm"
"2025-07-21T15:00:00.000Z",16.6,1278,"Cullen","Moray",234192,-2.83323079,57.68712295,"10-20mm"
"2025-07-21T15:00:00.000Z",19,1278,"Delnashaugh","Moray",234198,-3.357845061,57.39970792,"10-20mm"
"2025-07-21T15:00:00.000Z",2,1278,"Durkadale","Orkney Islands",234207,-3.232172832,59.10852817,"<10mm"
"2025-07-21T15:00:00.000Z",6.2,1278,"Torduff","City of Edinburgh",15190,-3.267160193,55.8968016,"<10mm"
"2025-07-21T15:00:00.000Z",3.8,1278,"Crichton","Midlothian",15224,-2.988655721,55.84509063,"<10mm"
"2025-07-21T15:00:00.000Z",23,1278,"Charr","Aberdeenshire",234183,-2.619402267,56.94084906,"20-30mm"
"2025-07-21T14:00:00.000Z",16.2,1278,"Dosmucheran","Highland",234202,-5.005770119,57.59587318,"10-20mm"
"2025-07-21T15:00:00.000Z",2.4,1278,"Teviothead","Scottish Borders",14999,-2.936481216,55.34222734,"<10mm"
"2025-07-21T15:00:00.000Z",6.4,1278,"Shiplaw","Scottish Borders",14975,-3.207291434,55.72796917,"<10mm"
"2025-07-21T14:00:00.000Z",5.4,1278,"Brockhoperig","Scottish Borders",14987,-3.211513384,55.4061286,"<10mm"
"2025-07-21T15:00:00.000Z",0.2,1278,"Gilston","Scottish Borders",15114,-2.883463821,55.80025456,"<10mm"
"2025-07-21T15:00:00.000Z",10.2,1278,"Strathyre","Stirling",15172,-4.328975608,56.32054504,"10-20mm"
"2025-07-21T15:00:00.000Z",4,1278,"Blythe","Scottish Borders",15116,-2.662263534,55.7374816,"<10mm"
"2025-07-21T15:00:00.000Z",9.2,1278,"Annfield","Fife",15198,-3.371633207,56.06640057,"<10mm"
"2025-07-21T15:00:00.000Z",7,1278,"Harperrig","West Lothian",15200,-3.435270947,55.83652095,"<10mm"
"2025-07-21T15:00:00.000Z",0.6,1278,"Edinburgh RBG (Royal Botanic Garden)","City of Edinburgh",15201,-3.212310737,55.96662337,"<10mm"
"2025-07-21T14:00:00.000Z",12.4,1278,"Gladhouse Reservoir","Midlothian",15204,-3.117398754,55.7784118,"10-20mm"
"2025-07-20T22:00:00.000Z",12.4,1278,"Haddington STW","East Lothian",15226,-2.75022457,55.96050923,"10-20mm"
"2025-07-21T15:00:00.000Z",0.6,1278,"Abbey St Bathans","Scottish Borders",15018,-2.387448356,55.85329633,"<10mm"
"2025-07-21T15:00:00.000Z",4,1278,"Chesters","Scottish Borders",15004,-2.589607681,55.37862961,"<10mm"
"2025-07-13T15:00:00.000Z",0,1278,"Sluggan","Highland",234314,-3.875997348,57.27399763,"<10mm"
"2025-07-21T15:00:00.000Z",7.2,1278,"New Kelso","Highland",234289,-5.429999168,57.42953514,"<10mm"
"2025-07-21T15:00:00.000Z",7.6,1278,"Canonbie Raingauge","Dumfries and Galloway",306455,-2.942088127,55.07786221,"<10mm"
"2025-07-01T10:00:00.000Z",2,254,"Green Burn","Dumfries and Galloway",133158,-4.381888551,55.0828864,"<10mm"
"2025-07-21T15:00:00.000Z",9.4,1278,"Killilan","Highland",234252,-5.424835603,57.31881832,"<10mm"
"2025-07-21T15:00:00.000Z",0,1278,"Luffness","East Lothian",14865,-2.821888561,56.02022484,"<10mm"
"2025-07-21T15:00:00.000Z",3.4,1278,"Halkirk","Highland",234231,-3.493004244,58.5154974,"<10mm"
"2025-07-21T14:00:00.000Z",16.4,1278,"Polhollick","Aberdeenshire",234294,-3.083180673,57.05514629,"10-20mm"
"2025-07-21T15:00:00.000Z",10.6,1278,"Sgodachail","Highland",234305,-4.546976399,57.89327664,"10-20mm"
"2025-07-21T15:00:00.000Z",8.4,1278,"Spey Dam","Highland",234315,-4.336367491,57.01121062,"<10mm"
"2025-07-21T15:00:00.000Z",2.6,1278,"Strathy Bridge","Highland",234319,-4.002604762,58.55872143,"<10mm"
"2025-07-21T15:00:00.000Z",6.6,1278,"Little Assynt","Highland",234264,-5.152302768,58.17438109,"<10mm"
"2025-07-21T15:00:00.000Z",4.2,1278,"Polloch","Highland",234295,-5.613663683,56.75844885,"<10mm"
"2025-07-21T14:00:00.000Z",21.2,1278,"Mongour","Aberdeenshire",115235,-2.388582046,57.00199506,"20-30mm"
"2025-07-21T15:00:00.000Z",12.8,1278,"Kilphedir","Highland",234253,-3.702814019,58.14138911,"10-20mm"
"2025-07-21T15:00:00.000Z",40.2,1278,"Torwinny","Moray",234326,-3.446843553,57.52198313,"40-50mm"
"2025-07-21T15:00:00.000Z",21.8,1278,"Tromie Bridge","Highland",234327,-3.998638147,57.0717185,"20-30mm"
"2025-07-21T15:00:00.000Z",29.2,1278,"Coulter Reservoir","South Lanarkshire",301400,-3.52983359,55.53306378,"20-30mm"
"2025-07-21T15:00:00.000Z",25.8,1278,"Wardend Bridge","Moray",234331,-3.608335401,57.58239454,"20-30mm"
"2025-07-21T15:00:00.000Z",10.4,1278,"Garls Craig","South Lanarkshire",301168,-3.616030256,55.36599829,"10-20mm"
"2025-07-21T15:00:00.000Z",5,1278,"Strathkelvin House","East Dunbartonshire",300383,-4.172710018,55.94300475,"<10mm"
"2025-07-21T15:00:00.000Z",26,1278,"Dalwhinnie","Highland",302120,-4.238639574,56.94069555,"20-30mm"
"2025-07-21T15:00:00.000Z",20.4,1278,"Dalmarnock STW","Glasgow City",327234,-4.216965486,55.8374507,"20-30mm"
"2025-07-21T15:00:00.000Z",1.8,1278,"Glenmavis","North Lanarkshire",327238,-4.013210328,55.89359141,"<10mm"
"2022-11-24T12:00:00.000Z",0.8,254,"Greenock","Inverclyde",327292,-4.723991358,55.94370132,"<10mm"
"2025-07-21T15:00:00.000Z",17,1278,"Glen Ample","Stirling",335745,-4.269993694,56.35457736,"10-20mm"
"2025-07-21T15:00:00.000Z",15,1278,"Lochindorb North","Highland",336847,-3.691385645,57.41478835,"10-20mm"
"2025-07-21T15:00:00.000Z",3.4,1278,"Prestwick","South Ayrshire",344764,-4.610940702,55.50523784,"<10mm"
"2025-07-21T15:00:00.000Z",10,1278,"Strowan","Perth and Kinross",361047,-3.92115763,56.36918493,"<10mm"
"2025-07-21T10:00:00.000Z",18.2,1278,"Inverurie","Aberdeenshire",367365,-2.362253256,57.2583172,"10-20mm"
"2025-07-21T15:00:00.000Z",2.8,1278,"Camphill WTW Raingauge","North Ayrshire",490984,-4.74461262,55.75032761,"<10mm"
"2025-07-21T15:00:00.000Z",9.4,1278,"Unthank Raingauge","Dumfries and Galloway",506152,-2.964073002,55.24281443,"<10mm"
"2025-07-21T15:00:00.000Z",16,1278,"Dunnottar Radio Station","Aberdeenshire",509196,-2.21202446,56.94652496,"10-20mm"
"2025-07-21T15:00:00.000Z",26.2,1278,"Tarland WWTP","Aberdeenshire",511327,-2.851450464,57.12504883,"20-30mm"
"2025-07-21T15:00:00.000Z",18.6,1278,"Corsock","Dumfries and Galloway",336434,-3.945715778,55.05876816,"10-20mm"
"2025-07-21T15:00:00.000Z",13.4,1278,"Dunstaffnage","Argyll and Bute",365257,-5.439870612,56.45050242,"10-20mm"
"2025-07-21T15:00:00.000Z",18.8,1278,"RhynieGS","Aberdeenshire",368013,-2.828953912,57.3317252,"10-20mm"
"2025-07-21T15:00:00.000Z",11,1278,"Baluniefield","Dundee City",374852,-2.905576117,56.48264025,"10-20mm"
"2025-07-21T14:00:00.000Z",29.2,1278,"Cleuchhead","Aberdeenshire",499810,-2.388756894,56.94774412,"20-30mm"
"2025-07-21T15:00:00.000Z",16.6,1278,"Townfoot (Glencaple)","Dumfries and Galloway",323188,-3.568993615,54.99473579,"10-20mm"
"2025-07-21T15:00:00.000Z",5.2,1278,"Lukeston","East Dunbartonshire",327237,-4.240765022,55.98447497,"<10mm"
"2025-07-21T15:00:00.000Z",20.4,1278,"Quarry Head","Aberdeenshire",335575,-2.025944065,57.63465034,"20-30mm"
"2025-07-21T15:00:00.000Z",1.2,1278,"St Monance","Fife",335620,-2.78271364,56.2047855,"<10mm"
"2025-07-21T15:00:00.000Z",0,1278,"North Berwick (Kingston)","East Lothian",335621,-2.734270572,56.03149667,"<10mm"
"2025-07-21T15:00:00.000Z",0.6,1278,"Rhiconich","Highland",336217,-4.991227379,58.42139172,"<10mm"
"2025-07-21T15:00:00.000Z",5.8,1278,"Drum","Perth and Kinross",464646,-3.532323684,56.18484641,"<10mm"
"2025-07-21T15:00:00.000Z",11.6,1278,"Loch Restil","Argyll and Bute",485489,-4.853369348,56.23604254,"10-20mm"
"2025-07-21T15:00:00.000Z",10.8,1278,"Rest and be Thankful","Argyll and Bute",485490,-4.859016846,56.22216848,"10-20mm"
"2025-07-21T15:00:00.000Z",26.4,1278,"Pluscarden Abbey","Moray",486057,-3.433170424,57.59946107,"20-30mm"
"2025-07-21T15:00:00.000Z",2.8,1278,"Balgray RG","North Ayrshire",490985,-4.5878755,55.73428872,"<10mm"
"2025-07-21T15:00:00.000Z",14.4,1278,"Kirkcudbright Raingauge","Dumfries and Galloway",504458,-4.038511682,54.84543419,"10-20mm"
"2025-07-21T15:00:00.000Z",20.2,1278,"Avonbank","South Lanarkshire",322556,-4.051617294,55.66347112,"20-30mm"
"2025-07-21T15:00:00.000Z",15.6,1278,"Cheyne","Aberdeenshire",335574,-2.266470239,56.97482596,"10-20mm"
"2025-07-21T15:00:00.000Z",24.8,1278,"Deskry Shiel","Aberdeenshire",335582,-2.983867766,57.18037959,"20-30mm"
"2025-07-21T15:00:00.000Z",19.8,1278,"Bush","Midlothian",335612,-3.206554074,55.86190844,"10-20mm"
"2025-07-21T15:00:00.000Z",13,1278,"Hatton (Perth)","Angus",335640,-2.648539891,56.52513594,"10-20mm"
"2025-07-21T15:00:00.000Z",33.6,1278,"Forehill","Aberdeenshire",336372,-1.843281987,57.50635026,"30-40mm"
"2025-07-21T15:00:00.000Z",0,1278,"Mill Croft","Na h-Eileanan an Iar",354623,-7.368331541,57.2886568,"<10mm"
"2022-03-03T14:00:00.000Z",1.6,254,"Lecht Weather Station","Aberdeenshire",412495,-3.25888009,57.19821668,"<10mm"
"2025-07-21T15:00:00.000Z",19.2,1278,"Lossiemouth","Moray",473167,-3.323337879,57.71918475,"10-20mm"
"2025-07-21T15:00:00.000Z",17.6,1278,"Milton of Evelix TBR","Highland",494729,-4.084164503,57.89128749,"10-20mm"
"2025-07-21T15:00:00.000Z",3.2,1278,"Kirkcaldy","Fife",335617,-3.147961765,56.11765342,"<10mm"
"2025-07-21T15:00:00.000Z",17,1278,"Nigg Headworks","Aberdeen City",335797,-2.061103972,57.13140193,"10-20mm"
"2025-07-21T15:00:00.000Z",62,1278,"Perth Norwich Union","Perth and Kinross",341345,-3.464092253,56.38611935,"60-70mm"
"2025-07-21T15:00:00.000Z",0.2,1278,"Loch Tormasad","Na h-Eileanan an Iar",354622,-7.316740973,57.56195723,"<10mm"
"2025-07-21T15:00:00.000Z",0,1278,"Laxdale","Na h-Eileanan an Iar",356217,-6.893581696,57.86865846,"<10mm"
"2025-07-21T15:00:00.000Z",6,1278,"Kirriemuir STW","Angus",361048,-2.999773468,56.65983513,"<10mm"
"2025-07-21T15:00:00.000Z",29.8,1278,"Old Mill of Newton","Aberdeenshire",367364,-2.577016947,57.35801578,"20-30mm"
"2025-07-21T15:00:00.000Z",12.8,1278,"Glenmuick No2","Aberdeenshire",367371,-3.141253355,56.95161175,"10-20mm"
"2025-07-21T15:00:00.000Z",5.6,1278,"Glenbreck","Scottish Borders",368490,-3.477754728,55.48202196,"<10mm"
"2025-07-21T15:00:00.000Z",10.6,1278,"Glenquey","Perth and Kinross",464636,-3.642080305,56.20739317,"10-20mm"
"2025-07-21T14:00:00.000Z",3.6,1278,"Gifford Rain Gauge","East Lothian",474984,-2.768969478,55.89043578,"<10mm"
"2025-07-21T15:00:00.000Z",7.9,1278,"Auchdergannach","Highland",491811,-3.651932222,57.22063972,"<10mm"
"2025-07-21T15:00:00.000Z",17,1278,"White Clauchrie","South Ayrshire",502874,-4.677220867,55.1412921,"10-20mm"
"2025-06-02T08:00:00.000Z",5.8,1278,"Birkie Hue","Na h-Eileanan an Iar",320371,-6.740713858,58.16554218,"<10mm"
"2025-07-21T15:00:00.000Z",19.8,1278,"Cluanie Inn","Highland",336370,-5.181590945,57.15628843,"10-20mm"
"2025-07-21T15:00:00.000Z",22.2,1278,"Nairn Dunbar Golf Course","Highland",341224,-3.842759406,57.59406094,"20-30mm"
"2025-07-21T15:00:00.000Z",9.6,1278,"Killermont Raingauge","East Dunbartonshire",341380,-4.305014408,55.91108458,"<10mm"
"2025-07-21T15:00:00.000Z",24.2,1278,"Loch Ailsh Level","Highland",354613,-4.855312073,58.04827715,"20-30mm"
"2025-07-21T15:00:00.000Z",21.2,1278,"Keith","Moray",367360,-2.952079018,57.55084994,"20-30mm"
"2025-07-21T15:00:00.000Z",17.4,1278,"Stonyford","Angus",369551,-2.811870347,56.84214794,"10-20mm"
"2025-07-21T15:00:00.000Z",18.4,1278,"Waterside Perth","Angus",369554,-2.820760629,56.89929851,"10-20mm"
"2025-07-21T15:00:00.000Z",14,1278,"Drummore of Cantray","Highland",377134,-4.006176025,57.48325079,"10-20mm"
"2025-07-21T15:00:00.000Z",4,1278,"Derry Lodge","Aberdeenshire",454765,-3.58738853,57.02065155,"<10mm"
"2025-07-21T15:00:00.000Z",15,1278,"Garrogie Lodge","Highland",464495,-4.442843871,57.17006125,"10-20mm"
"2025-07-21T15:00:00.000Z",0.2,1278,"Slamannan","Falkirk",464630,-3.832217321,55.94205217,"<10mm"
"2025-07-21T15:00:00.000Z",1,1278,"Shotts WWTW","North Lanarkshire",494255,-3.811987501,55.81395203,"<10mm"
"2025-07-21T15:00:00.000Z",13.8,254,"Battledykes - Wardmill Farm","Angus",499809,-2.895547661,56.67359266,"10-20mm"
"2025-07-21T15:00:00.000Z",5.2,1278,"Beltmoss","North Lanarkshire",327235,-4.056528766,55.98678855,"<10mm"
"2025-07-21T15:00:00.000Z",2.4,1278,"Broadside","Falkirk",335609,-3.978158502,56.02806207,"<10mm"
"2025-07-21T15:00:00.000Z",13.6,1278,"Murton","Angus",335650,-2.823539396,56.65077608,"10-20mm"
"2025-07-21T15:00:00.000Z",30.6,1278,"Minnigaff","Dumfries and Galloway",338429,-4.471659058,54.9588823,"30-40mm"
"2025-07-21T15:00:00.000Z",10.6,1278,"Scardroy No3","Highland",347562,-4.985935657,57.51892459,"10-20mm"
"2025-07-21T15:00:00.000Z",1.4,1278,"Ladyflat Farm","Scottish Borders",368486,-2.369501202,55.75636712,"<10mm"
"2025-07-21T15:00:00.000Z",13.7,1278,"Biggar Burn","South Lanarkshire",368536,-3.543765278,55.65035093,"10-20mm"
"2025-07-21T15:00:00.000Z",2.6,1278,"Murray Burn","City of Edinburgh",372859,-3.317681386,55.91287677,"<10mm"
"2025-07-21T15:00:00.000Z",17.8,1278,"Hunterston Terminal","North Ayrshire",469625,-4.86116797,55.74447583,"10-20mm"
"2025-07-21T15:00:00.000Z",9.4,1278,"Culloden Battlefield","Highland",498341,-4.09126842,57.47676464,"<10mm"
"2025-07-21T15:00:00.000Z",1.2,1278,"Lochwinnoch","Renfrewshire",509677,-4.618943233,55.78853152,"<10mm"
"2025-07-21T15:00:00.000Z",5,1278,"Daldowie STW","Glasgow City",327232,-4.122714806,55.83262494,"<10mm"
"2025-07-21T15:00:00.000Z",28.8,1278,"Penwhapple Reservoir","South Ayrshire",335375,-4.747897404,55.23585144,"20-30mm"
"2025-07-21T15:00:00.000Z",0.6,1278,"Harelaw","Midlothian",335614,-3.086776845,55.91651494,"<10mm"
"2025-07-21T15:00:00.000Z",7,1278,"Mylnefield","Perth and Kinross",335651,-3.075838089,56.46017678,"<10mm"
"2025-07-21T15:00:00.000Z",8.4,1278,"Inshes","Highland",336367,-4.184715941,57.45203372,"<10mm"
"2025-07-21T15:00:00.000Z",16.4,1278,"Letham Grange","Angus",338381,-2.609495534,56.60403394,"10-20mm"
"2025-07-21T15:00:00.000Z",0.8,1278,"Deanston RG","Stirling",341338,-4.077181451,56.19223931,"<10mm"
"2025-07-21T15:00:00.000Z",13.4,1278,"Langwell Lodge","Highland",354621,-5.100589967,57.9748238,"10-20mm"
"2025-07-21T15:00:00.000Z",17.4,1278,"Kinghorn Ecology Centre Rain Gauge","Fife",473550,-3.193432968,56.07462319,"10-20mm"
"2025-07-21T15:00:00.000Z",17.2,1278,"Muirshiel RG","Renfrewshire",490986,-4.742664896,55.84918458,"10-20mm"
"2025-07-21T15:00:00.000Z",9.4,1278,"Einig Wood","Highland",492363,-4.764511928,57.94421601,"<10mm"
"2025-07-21T15:00:00.000Z",2.2,1278,"Baintown Rain-gauge","Fife",501947,-3.042679056,56.22101614,"<10mm"
"2025-07-21T15:00:00.000Z",0.8,1278,"Jedburgh Castle","Scottish Borders",541725,-2.557045815,55.47029248,"<10mm"
"2025-07-21T15:00:00.000Z",4.8,254,"Seilich Dam","Highland",574971,-4.035393912,56.96866496,"<10mm"
"2025-07-21T15:00:00.000Z",17.4,1278,"Carmyllie-Hume Farm","Angus",577951,-2.741331877,56.57464969,"10-20mm"
"2025-07-10T12:00:00.000Z",0,254,"Blacklaw","Aberdeenshire",335578,-2.60024157,57.58092196,"<10mm"
"2025-07-21T15:00:00.000Z",1.4,1278,"Comiston Rain Gauge","City of Edinburgh",525510,-3.21598827,55.91019401,"<10mm"
"2025-07-21T14:00:00.000Z",15.2,1278,"Frenich Farm","Stirling",552790,-4.56047225,56.22694162,"10-20mm"
"2025-07-21T15:00:00.000Z",26.6,1278,"Tomatin No2","Highland",564863,-4.013360208,57.33816398,"20-30mm"
"2025-07-21T15:00:00.000Z",1.2,1278,"Badbea","Highland",518147,-5.318746664,57.86243941,"<10mm"
"2025-07-21T15:00:00.000Z",5.6,1278,"Dundreggan Rain Gauge","Highland",530175,-4.767634199,57.19161541,"<10mm"
"2025-07-21T15:00:00.000Z",10.2,1278,"Capenoch Raingauge","Dumfries and Galloway",576753,-3.816934219,55.22666817,"10-20mm"
"2025-07-21T15:00:00.000Z",3.8,1278,"Kirkwall","Orkney Islands",515885,-2.949352863,58.98622363,"<10mm"
"2025-07-21T15:00:00.000Z",3,1278,"Balfron STW","Stirling",517412,-4.333343318,56.06523441,"<10mm"
"2025-07-21T15:00:00.000Z",15.8,1278,"Boleside","Scottish Borders",533744,-2.798878774,55.59164323,"10-20mm"
"2025-07-21T15:00:00.000Z",13.6,1278,"Craigenlee Croft Raingauge","Dumfries and Galloway",513003,-5.075279664,54.86294592,"10-20mm"
"2025-07-21T15:00:00.000Z",11,254,"Glengavel Reservoir","South Lanarkshire",536846,-4.121595498,55.59038124,"10-20mm"
"2025-07-21T15:00:00.000Z",5.8,1278,"Dalblair","East Ayrshire",538510,-4.151929697,55.44485443,"<10mm"
"2018-01-30T10:00:00.000Z",1.4,254,"Dunglass","East Lothian",15208,-2.38288136,55.94267446,"<10mm"
"2025-07-21T14:00:00.000Z",3.4,1278,"Bow Burn Raingauge","South Ayrshire",101227,-4.49863386,55.44068058,"<10mm"
"2025-07-21T15:00:00.000Z",3.4,1278,"Cambo Sands","Fife",338380,-2.650067453,56.3008799,"<10mm"
"2025-07-21T15:00:00.000Z",3,1278,"Stewarton","East Ayrshire",536844,-4.445306033,55.72543649,"<10mm"
"2025-07-21T15:00:00.000Z",5,1278,"Earlsburn reservoir RG","Stirling",568155,-4.07597911,56.07055238,"<10mm"
"2025-07-21T15:00:00.000Z",9.8,1278,"Loch Venachar","Stirling",14898,-4.25686637,56.23425763,"<10mm"
"2025-07-21T14:00:00.000Z",8.5,1278,"Cairngorm Raingauge and Snow Scale","Highland",523676,-3.662955858,57.127702,"<10mm"
"2025-07-21T14:00:00.000Z",4.6,1278,"Loch Katrine","Stirling",14910,-4.43624573,56.22701614,"<10mm"
"2025-07-21T14:00:00.000Z",7.6,1278,"Comer Farm","Stirling",552791,-4.60131038,56.20150723,"<10mm"
