"#Timestamp","Value","Quality Code","name","la","station_no"
"2025-07-21T15:00:00.000Z",3.8,1278,"Strathkinness","Fife",11368
"2025-07-21T15:00:00.000Z",22,1278,"Balmedie STW","Aberdeenshire",115202
"2025-07-21T15:00:00.000Z",15,1278,"Rothienorman","Aberdeenshire",115239
"2025-07-21T15:00:00.000Z",19.8,1278,"Coignafearn","Highland",115318
"2025-07-21T15:00:00.000Z",9.6,1278,"Loch Droma","Highland",115368
"2025-07-21T15:00:00.000Z",7.6,1278,"Craigdarroch","Dumfries and Galloway",115541
"2025-07-21T15:00:00.000Z",9,1278,"East Kilbride","South Lanarkshire",115560
"2025-07-21T15:00:00.000Z",0.4,1278,"Newtonairds","Dumfries and Galloway",115627
"2025-07-21T15:00:00.000Z",18.4,1278,"Castle Kennedy","Dumfries and Galloway",116042
"2025-07-21T15:00:00.000Z",2.4,1278,"Luss Raingauge","Argyll and Bute",129558
"2025-07-21T15:00:00.000Z",5.2,1278,"Dippen","Argyll and Bute",133077
"2025-07-21T15:00:00.000Z",38.2,1278,"Glenmore Lodge No 2","Highland",115225
"2025-07-21T15:00:00.000Z",13.4,1278,"Luib","Highland",115376
"2025-07-21T15:00:00.000Z",12.4,1278,"Millport","North Ayrshire",115618
"2025-07-21T10:00:00.000Z",18.6,1278,"Portling","Dumfries and Galloway",115634
"2025-07-21T15:00:00.000Z",4.2,1278,"Solwaybank","Dumfries and Galloway",115647
"2025-07-21T15:00:00.000Z",4,1278,"South Moorhouse","East Renfrewshire",115649
"2025-07-21T15:00:00.000Z",6.8,1278,"Inverey","Aberdeenshire",115230
"2024-02-07T10:00:00.000Z",0.2,0,"Allanfearn","Highland",115302
"2025-07-12T17:00:00.000Z",0,1278,"Dingwall","Highland",115329
"2025-07-21T15:00:00.000Z",2.6,1278,"Forsinain","Highland",115340
"2025-07-21T15:00:00.000Z",13,1278,"Gatelawbridge","Dumfries and Galloway",115568
"2025-07-21T15:00:00.000Z",9.8,1278,"Hydro Gardens Moffat","Dumfries and Galloway",115584
"2025-07-21T15:00:00.000Z",19.8,1278,"Kirriereoch","Dumfries and Galloway",115599
"2025-07-21T15:00:00.000Z",22.4,1278,"Low Creoch","Dumfries and Galloway",115611
"2025-07-21T15:00:00.000Z",10,1278,"Braeroy Lodge","Highland",115315
"2025-07-21T15:00:00.000Z",17.8,1278,"Coille Mhorgil","Highland",115319
"2025-07-21T15:00:00.000Z",1.6,254,"Dalvina","Highland",115327
"2025-07-21T13:00:00.000Z",13.8,1278,"Glen Nevis","Highland",115343
"2025-07-21T15:00:00.000Z",7.2,1278,"Amlaird","East Ayrshire",115500
"2024-07-31T10:00:00.000Z",0,150,"Amod Farm","Argyll and Bute",115501
"2025-07-21T15:00:00.000Z",3.8,1278,"Culzean Castle","South Ayrshire",115544
"2025-07-21T15:00:00.000Z",9.2,1278,"Dalbeattie STW","Dumfries and Galloway",115546
"2025-07-21T15:00:00.000Z",2.2,1278,"Dunlop","East Ayrshire",115559
"2025-07-21T15:00:00.000Z",10,1278,"Eliock","Dumfries and Galloway",115562
"2025-07-21T15:00:00.000Z",14.8,1278,"Kirkcowan","Dumfries and Galloway",115598
"2025-07-21T15:00:00.000Z",25,1278,"Lanark STW","South Lanarkshire",115603
"2025-07-21T15:00:00.000Z",5.6,1278,"Saughall","East Ayrshire",115645
"2025-07-21T15:00:00.000Z",1.4,1278,"Weisdale Mill","Shetland Islands",116008
"2025-07-21T15:00:00.000Z",19.8,1278,"Tulchan","Highland",115247
"2025-07-21T15:00:00.000Z",0.6,1278,"Inverewe Garden","Highland",115356
"2025-07-21T15:00:00.000Z",1.6,1278,"Boreland","Dumfries and Galloway",115518
"2025-07-21T15:00:00.000Z",0.6,1278,"Caldercruix STW","North Lanarkshire",115526
"2025-07-21T15:00:00.000Z",18.4,1278,"Clachan-Seil","Argyll and Bute",115534
"2025-07-21T15:00:00.000Z",2.6,1278,"Ettrick Bay","Argyll and Bute",115563
"2025-07-21T15:00:00.000Z",14.8,1278,"Hazelwood Cottage","Argyll and Bute",115582
"2025-07-21T15:00:00.000Z",8,1278,"Irvine Gailes","North Ayrshire",115589
"2025-07-21T15:00:00.000Z",6.2,1278,"Meadowfoot","Dumfries and Galloway",115616
"2025-07-21T15:00:00.000Z",3.4,1278,"Picketlaw Reservoir","East Renfrewshire",115632
"2025-07-21T15:00:00.000Z",0.2,1278,"Tobermory","Argyll and Bute",115654
"2025-07-21T15:00:00.000Z",7.2,1278,"Waulkmill Glen","East Renfrewshire",115660
"2025-07-21T15:00:00.000Z",14.2,1278,"Dipple","Moray",115217
"2025-07-21T15:00:00.000Z",13.6,1278,"Gairnshiel","Aberdeenshire",115223
"2025-07-21T15:00:00.000Z",30,1278,"Hatton No 2","Aberdeenshire",115227
"2025-07-21T15:00:00.000Z",10.2,1278,"Allt Dearg House","Highland",115304
"2025-07-21T15:00:00.000Z",13.8,1278,"Urquhart","Highland",115406
"2025-07-21T15:00:00.000Z",2.4,1278,"Ashgrove","North Ayrshire",115506
"2025-07-21T15:00:00.000Z",18,1278,"Brigton","Dumfries and Galloway",115521
"2025-07-21T15:00:00.000Z",6.4,1278,"Fourmerkland","Dumfries and Galloway",115565
"2025-07-21T15:00:00.000Z",5.4,1278,"Inveruglas","Argyll and Bute",115588
"2025-07-21T15:00:00.000Z",8.6,1278,"Kinmount House","Dumfries and Galloway",115596
"2025-07-21T15:00:00.000Z",13.4,1278,"Merton Bank Lochmaben","Dumfries and Galloway",115617
"2025-07-21T15:00:00.000Z",14.6,1278,"Sorbie","Dumfries and Galloway",115648
"2025-07-21T15:00:00.000Z",21.2,1278,"Blackhills No 2","Moray",115203
"2025-07-21T15:00:00.000Z",13.8,1278,"Esslemont House","Aberdeenshire",115221
"2025-07-21T15:00:00.000Z",15.2,1278,"Westhill","Aberdeenshire",115250
"2025-07-21T15:00:00.000Z",5.4,1278,"Corrimony","Highland",115322
"2025-07-21T15:00:00.000Z",15.4,1278,"Flichity","Highland",115339
"2025-03-12T02:00:00.000Z",3.2,254,"Glendessary","Highland",115344
"2025-07-21T15:00:00.000Z",3,1278,"Blackdyke Farm","East Ayrshire",115516
"2025-07-21T15:00:00.000Z",9.4,1278,"Burnfoot (Hawknest)","South Lanarkshire",115523
"2025-07-21T15:00:00.000Z",24.2,1278,"Lagafater Lodge","Dumfries and Galloway",115600
"2025-07-21T15:00:00.000Z",12.8,1278,"Lower Black Laggan","Dumfries and Galloway",115612
"2025-07-21T15:00:00.000Z",19.9,1278,"The Lecht","Moray",115244
"2025-07-21T15:00:00.000Z",8.2,1278,"Affric Lodge","Highland",115301
"2025-07-21T15:00:00.000Z",5,1278,"Inchvuilt","Highland",115354
"2025-07-21T15:00:00.000Z",11.4,1278,"Knockanrock","Highland",115363
"2025-07-21T15:00:00.000Z",15.4,1278,"Rhian Bridge","Highland",115390
"2025-07-21T15:00:00.000Z",6.8,1278,"Drumjohn","Dumfries and Galloway",115557
"2025-07-21T15:00:00.000Z",18.2,1278,"Ingleston Farm","Dumfries and Galloway",115585
"2025-07-21T15:00:00.000Z",9.2,1278,"Muirkirk STW","East Ayrshire",115622
"2025-07-21T15:00:00.000Z",15,1278,"Quinloch Farm","Stirling",115638
"2025-07-01T10:00:00.000Z",2.4,254,"Upper Black Laggan","Dumfries and Galloway",115657
"2025-07-21T15:00:00.000Z",18,1278,"Upper Monachyle","Stirling",116007
"2025-07-21T15:00:00.000Z",9.2,1278,"Glen Strae","Argyll and Bute",133088
"2025-07-21T15:00:00.000Z",3.2,1278,"Gargunnock","Stirling",14892
"2025-07-21T15:00:00.000Z",2.2,1278,"Bannockburn","Stirling",14897
"2025-07-21T15:00:00.000Z",14.2,1278,"Colliston","Angus",14921
"2025-07-21T15:00:00.000Z",7.2,1278,"Forter","Angus",14948
"2025-07-21T15:00:00.000Z",17.4,1278,"Auchnafree","Perth and Kinross",14952
"2025-07-21T14:00:00.000Z",5.6,1278,"Invermark","Angus",14926
"2025-07-12T05:00:00.000Z",0,1278,"Auchinner","Perth and Kinross",14964
"2025-07-21T15:00:00.000Z",9.6,1278,"Kinkell Bridge","Perth and Kinross",14968
"2025-07-21T15:00:00.000Z",1,1278,"Kinbuck","Stirling",14890
"2025-07-21T14:00:00.000Z",3.2,1278,"Braidlie","Scottish Borders",133144
"2022-02-13T20:00:00.000Z",0,254,"Glenochil","Clackmannanshire",14891
"2025-07-21T15:00:00.000Z",8.4,1278,"Gella Bridge","Angus",14916
"2025-07-21T15:00:00.000Z",12.8,1278,"Kindrogan","Perth and Kinross",14955
"2025-07-21T14:00:00.000Z",11,1278,"Dalnamein","Perth and Kinross",14960
"2025-07-21T15:00:00.000Z",0.6,1278,"Ross Priory","West Dunbartonshire",133124
"2025-07-21T15:00:00.000Z",1.2,1278,"Whitburn","West Lothian",14881
"2025-07-21T15:00:00.000Z",22.2,1278,"Moar","Perth and Kinross",14949
"2025-07-21T15:00:00.000Z",4.2,254,"Duchray","Stirling",14904
"2025-07-21T15:00:00.000Z",20,1278,"Lingerton","Argyll and Bute",133106
"2025-07-21T15:00:00.000Z",3.2,1278,"Monyquil Farm","North Ayrshire",133115
"2025-07-21T15:00:00.000Z",9.6,1278,"Lathro","Perth and Kinross",14902
"2025-07-21T15:00:00.000Z",25.2,1278,"Killin","Stirling",14933
"2025-07-21T15:00:00.000Z",3.6,1278,"Rossie Farm","Fife",15070
"2025-07-21T15:00:00.000Z",0.4,1278,"Ayton Castle","Scottish Borders",15132
"2025-07-21T15:00:00.000Z",1,1278,"Auchentroig","Stirling",15163
"2025-07-21T15:00:00.000Z",13.6,1278,"Gordon Arms","Scottish Borders",14984
"2020-02-12T04:00:00.000Z",9,254,"Wolfhill","Perth and Kinross",15067
"2025-07-21T15:00:00.000Z",21,1278,"Montrose","Angus",15078
"2025-07-21T15:00:00.000Z",5.4,1278,"Newton of Falkland","Fife",15083
"2025-07-21T15:00:00.000Z",9.4,1278,"Braco (Dunduff)","Perth and Kinross",15161
"2025-07-21T15:00:00.000Z",25,1278,"Mill Of Gavel","Aberdeenshire",205209
"2025-07-21T15:00:00.000Z",15.8,1278,"Avochie","Aberdeenshire",234161
"2025-07-21T15:00:00.000Z",0.8,1278,"Mouthbridge","Scottish Borders",15022
"2025-07-21T13:00:00.000Z",12.2,1278,"Eskdalemuir Observatory","Dumfries and Galloway",15100
"2025-07-21T15:00:00.000Z",6.3,1278,"Baddinsgill Reservoir","Scottish Borders",15103
"2025-07-21T15:00:00.000Z",1.2,254,"Hungry Snout 2 (Whiteadder Reservoir)","East Lothian",15127
"2025-07-21T15:00:00.000Z",2.8,1278,"Saline","Fife",15155
"2025-07-21T15:00:00.000Z",3.2,1278,"High Corrie (Gartmore)","Stirling",15166
"2025-07-21T15:00:00.000Z",2.2,1278,"Dunnswood STW (Cumbernauld)","North Lanarkshire",15180
"2025-07-21T15:00:00.000Z",20.6,1278,"Alford","Aberdeenshire",234170
"2025-07-21T15:00:00.000Z",1.2,1278,"Creed Bridge","Na h-Eileanan an Iar",234190
"2024-02-02T16:00:00.000Z",0,254,"Jedburgh","Scottish Borders",15006
"2025-07-21T15:00:00.000Z",3.4,1278,"Ormiston Mill","Scottish Borders",15007
"2021-11-10T20:00:00.000Z",0,254,"Portmoak","Perth and Kinross",15149
"2025-07-21T15:00:00.000Z",3,1278,"Gogarbank","City of Edinburgh",15196
"2025-07-21T15:00:00.000Z",0.8,1278,"Nunraw Abbey","East Lothian",15215
"2025-07-21T15:00:00.000Z",0.2,1278,"Dunbar","East Lothian",15216
"2025-07-21T15:00:00.000Z",34.6,1278,"Aberlour","Moray",234150
"2025-07-21T15:00:00.000Z",1.8,1278,"Allnabad","Highland",234151
"2025-07-21T15:00:00.000Z",23.2,1278,"Cabrach","Moray",234176
"2025-07-21T15:00:00.000Z",10.8,1278,"Kingledores","Scottish Borders",14972
"2025-07-21T15:00:00.000Z",11,1278,"Lyne Station","Scottish Borders",14974
"2021-10-12T10:00:00.000Z",0.2,254,"Victoria Lodge","Scottish Borders",15101
"2025-07-21T15:00:00.000Z",3.2,1278,"Fife Airport","Fife",15151
"2025-07-21T15:00:00.000Z",1.4,1278,"Tillicoultry","Clackmannanshire",15158
"2025-07-21T15:00:00.000Z",1,1278,"Polmonthill STW","Falkirk",15187
"2025-07-21T15:00:00.000Z",17,1278,"Dallachy No 2","Moray",205724
"2025-07-21T15:00:00.000Z",16.6,1278,"Cullen","Moray",234192
"2025-07-21T15:00:00.000Z",19,1278,"Delnashaugh","Moray",234198
"2025-07-21T15:00:00.000Z",2,1278,"Durkadale","Orkney Islands",234207
"2025-07-21T15:00:00.000Z",6.2,1278,"Torduff","City of Edinburgh",15190
"2025-07-21T15:00:00.000Z",3.8,1278,"Crichton","Midlothian",15224
"2025-07-21T15:00:00.000Z",23,1278,"Charr","Aberdeenshire",234183
"2025-07-21T14:00:00.000Z",16.2,1278,"Dosmucheran","Highland",234202
"2025-07-21T15:00:00.000Z",2.4,1278,"Teviothead","Scottish Borders",14999
"2025-07-21T15:00:00.000Z",6.4,1278,"Shiplaw","Scottish Borders",14975
"2025-07-21T14:00:00.000Z",5.4,1278,"Brockhoperig","Scottish Borders",14987
"2025-07-21T15:00:00.000Z",0.2,1278,"Gilston","Scottish Borders",15114
"2025-07-21T15:00:00.000Z",10.2,1278,"Strathyre","Stirling",15172
"2025-07-21T15:00:00.000Z",4,1278,"Blythe","Scottish Borders",15116
"2025-07-21T15:00:00.000Z",9.2,1278,"Annfield","Fife",15198
"2025-07-21T15:00:00.000Z",7,1278,"Harperrig","West Lothian",15200
"2025-07-21T15:00:00.000Z",0.6,1278,"Edinburgh RBG (Royal Botanic Garden)","City of Edinburgh",15201
"2025-07-21T14:00:00.000Z",12.4,1278,"Gladhouse Reservoir","Midlothian",15204
"2025-07-20T22:00:00.000Z",12.4,1278,"Haddington STW","East Lothian",15226
"2025-07-21T15:00:00.000Z",0.6,1278,"Abbey St Bathans","Scottish Borders",15018
"2025-07-21T15:00:00.000Z",4,1278,"Chesters","Scottish Borders",15004
"2025-07-13T15:00:00.000Z",0,1278,"Sluggan","Highland",234314
"2025-07-21T15:00:00.000Z",7.2,1278,"New Kelso","Highland",234289
"2025-07-21T15:00:00.000Z",7.6,1278,"Canonbie Raingauge","Dumfries and Galloway",306455
"2025-07-01T10:00:00.000Z",2,254,"Green Burn","Dumfries and Galloway",133158
"2025-07-21T15:00:00.000Z",9.4,1278,"Killilan","Highland",234252
"2025-07-21T15:00:00.000Z",0,1278,"Luffness","East Lothian",14865
"2025-07-21T15:00:00.000Z",3.4,1278,"Halkirk","Highland",234231
"2025-07-21T14:00:00.000Z",16.4,1278,"Polhollick","Aberdeenshire",234294
"2025-07-21T15:00:00.000Z",10.6,1278,"Sgodachail","Highland",234305
"2025-07-21T15:00:00.000Z",8.4,1278,"Spey Dam","Highland",234315
"2025-07-21T15:00:00.000Z",2.6,1278,"Strathy Bridge","Highland",234319
"2025-07-21T15:00:00.000Z",6.6,1278,"Little Assynt","Highland",234264
"2025-07-21T15:00:00.000Z",4.2,1278,"Polloch","Highland",234295
"2025-07-21T14:00:00.000Z",21.2,1278,"Mongour","Aberdeenshire",115235
"2025-07-21T15:00:00.000Z",12.8,1278,"Kilphedir","Highland",234253
"2025-07-21T15:00:00.000Z",40.2,1278,"Torwinny","Moray",234326
"2025-07-21T15:00:00.000Z",21.8,1278,"Tromie Bridge","Highland",234327
"2025-07-21T15:00:00.000Z",29.2,1278,"Coulter Reservoir","South Lanarkshire",301400
"2025-07-21T15:00:00.000Z",25.8,1278,"Wardend Bridge","Moray",234331
"2025-07-21T15:00:00.000Z",10.4,1278,"Garls Craig","South Lanarkshire",301168
"2025-07-21T15:00:00.000Z",5,1278,"Strathkelvin House","East Dunbartonshire",300383
"2025-07-21T15:00:00.000Z",26,1278,"Dalwhinnie","Highland",302120
"2025-07-21T15:00:00.000Z",20.4,1278,"Dalmarnock STW","Glasgow City",327234
"2025-07-21T15:00:00.000Z",1.8,1278,"Glenmavis","North Lanarkshire",327238
"2022-11-24T12:00:00.000Z",0.8,254,"Greenock","Inverclyde",327292
"2025-07-21T15:00:00.000Z",17,1278,"Glen Ample","Stirling",335745
"2025-07-21T15:00:00.000Z",15,1278,"Lochindorb North","Highland",336847
"2025-07-21T15:00:00.000Z",3.4,1278,"Prestwick","South Ayrshire",344764
"2025-07-21T15:00:00.000Z",10,1278,"Strowan","Perth and Kinross",361047
"2025-07-21T10:00:00.000Z",18.2,1278,"Inverurie","Aberdeenshire",367365
"2025-07-21T15:00:00.000Z",2.8,1278,"Camphill WTW Raingauge","North Ayrshire",490984
"2025-07-21T15:00:00.000Z",9.4,1278,"Unthank Raingauge","Dumfries and Galloway",506152
"2025-07-21T15:00:00.000Z",16,1278,"Dunnottar Radio Station","Aberdeenshire",509196
"2025-07-21T15:00:00.000Z",26.2,1278,"Tarland WWTP","Aberdeenshire",511327
"2025-07-21T15:00:00.000Z",18.6,1278,"Corsock","Dumfries and Galloway",336434
"2025-07-21T15:00:00.000Z",13.4,1278,"Dunstaffnage","Argyll and Bute",365257
"2025-07-21T15:00:00.000Z",18.8,1278,"RhynieGS","Aberdeenshire",368013
"2025-07-21T15:00:00.000Z",11,1278,"Baluniefield","Dundee City",374852
"2025-07-21T14:00:00.000Z",29.2,1278,"Cleuchhead","Aberdeenshire",499810
"2025-07-21T15:00:00.000Z",16.6,1278,"Townfoot (Glencaple)","Dumfries and Galloway",323188
"2025-07-21T15:00:00.000Z",5.2,1278,"Lukeston","East Dunbartonshire",327237
"2025-07-21T15:00:00.000Z",20.4,1278,"Quarry Head","Aberdeenshire",335575
"2025-07-21T15:00:00.000Z",1.2,1278,"St Monance","Fife",335620
"2025-07-21T15:00:00.000Z",0,1278,"North Berwick (Kingston)","East Lothian",335621
"2025-07-21T15:00:00.000Z",0.6,1278,"Rhiconich","Highland",336217
"2025-07-21T15:00:00.000Z",5.8,1278,"Drum","Perth and Kinross",464646
"2025-07-21T15:00:00.000Z",11.6,1278,"Loch Restil","Argyll and Bute",485489
"2025-07-21T15:00:00.000Z",10.8,1278,"Rest and be Thankful","Argyll and Bute",485490
"2025-07-21T15:00:00.000Z",26.4,1278,"Pluscarden Abbey","Moray",486057
"2025-07-21T15:00:00.000Z",2.8,1278,"Balgray RG","North Ayrshire",490985
"2025-07-21T15:00:00.000Z",14.4,1278,"Kirkcudbright Raingauge","Dumfries and Galloway",504458
"2025-07-21T15:00:00.000Z",20.2,1278,"Avonbank","South Lanarkshire",322556
"2025-07-21T15:00:00.000Z",15.6,1278,"Cheyne","Aberdeenshire",335574
"2025-07-21T15:00:00.000Z",24.8,1278,"Deskry Shiel","Aberdeenshire",335582
"2025-07-21T15:00:00.000Z",19.8,1278,"Bush","Midlothian",335612
"2025-07-21T15:00:00.000Z",13,1278,"Hatton (Perth)","Angus",335640
"2025-07-21T15:00:00.000Z",33.6,1278,"Forehill","Aberdeenshire",336372
"2025-07-21T15:00:00.000Z",0,1278,"Mill Croft","Na h-Eileanan an Iar",354623
"2022-03-03T14:00:00.000Z",1.6,254,"Lecht Weather Station","Aberdeenshire",412495
"2025-07-21T15:00:00.000Z",19.2,1278,"Lossiemouth","Moray",473167
"2025-07-21T15:00:00.000Z",17.6,1278,"Milton of Evelix TBR","Highland",494729
"2025-07-21T15:00:00.000Z",3.2,1278,"Kirkcaldy","Fife",335617
"2025-07-21T15:00:00.000Z",17,1278,"Nigg Headworks","Aberdeen City",335797
"2025-07-21T15:00:00.000Z",62,1278,"Perth Norwich Union","Perth and Kinross",341345
"2025-07-21T15:00:00.000Z",0.2,1278,"Loch Tormasad","Na h-Eileanan an Iar",354622
"2025-07-21T15:00:00.000Z",0,1278,"Laxdale","Na h-Eileanan an Iar",356217
"2025-07-21T15:00:00.000Z",6,1278,"Kirriemuir STW","Angus",361048
"2025-07-21T15:00:00.000Z",29.8,1278,"Old Mill of Newton","Aberdeenshire",367364
"2025-07-21T15:00:00.000Z",12.8,1278,"Glenmuick No2","Aberdeenshire",367371
"2025-07-21T15:00:00.000Z",5.6,1278,"Glenbreck","Scottish Borders",368490
"2025-07-21T15:00:00.000Z",10.6,1278,"Glenquey","Perth and Kinross",464636
"2025-07-21T14:00:00.000Z",3.6,1278,"Gifford Rain Gauge","East Lothian",474984
"2025-07-21T15:00:00.000Z",7.9,1278,"Auchdergannach","Highland",491811
"2025-07-21T15:00:00.000Z",17,1278,"White Clauchrie","South Ayrshire",502874
"2025-06-02T08:00:00.000Z",5.8,1278,"Birkie Hue","Na h-Eileanan an Iar",320371
"2025-07-21T15:00:00.000Z",19.8,1278,"Cluanie Inn","Highland",336370
"2025-07-21T15:00:00.000Z",22.2,1278,"Nairn Dunbar Golf Course","Highland",341224
"2025-07-21T15:00:00.000Z",9.6,1278,"Killermont Raingauge","East Dunbartonshire",341380
"2025-07-21T15:00:00.000Z",24.2,1278,"Loch Ailsh Level","Highland",354613
"2025-07-21T15:00:00.000Z",21.2,1278,"Keith","Moray",367360
"2025-07-21T15:00:00.000Z",17.4,1278,"Stonyford","Angus",369551
"2025-07-21T15:00:00.000Z",18.4,1278,"Waterside Perth","Angus",369554
"2025-07-21T15:00:00.000Z",14,1278,"Drummore of Cantray","Highland",377134
"2025-07-21T15:00:00.000Z",4,1278,"Derry Lodge","Aberdeenshire",454765
"2025-07-21T15:00:00.000Z",15,1278,"Garrogie Lodge","Highland",464495
"2025-07-21T15:00:00.000Z",0.2,1278,"Slamannan","Falkirk",464630
"2025-07-21T15:00:00.000Z",1,1278,"Shotts WWTW","North Lanarkshire",494255
"2025-07-21T15:00:00.000Z",13.8,254,"Battledykes - Wardmill Farm","Angus",499809
"2025-07-21T15:00:00.000Z",5.2,1278,"Beltmoss","North Lanarkshire",327235
"2025-07-21T15:00:00.000Z",2.4,1278,"Broadside","Falkirk",335609
"2025-07-21T15:00:00.000Z",13.6,1278,"Murton","Angus",335650
"2025-07-21T15:00:00.000Z",30.6,1278,"Minnigaff","Dumfries and Galloway",338429
"2025-07-21T15:00:00.000Z",10.6,1278,"Scardroy No3","Highland",347562
"2025-07-21T15:00:00.000Z",1.4,1278,"Ladyflat Farm","Scottish Borders",368486
"2025-07-21T15:00:00.000Z",13.7,1278,"Biggar Burn","South Lanarkshire",368536
"2025-07-21T15:00:00.000Z",2.6,1278,"Murray Burn","City of Edinburgh",372859
"2025-07-21T15:00:00.000Z",17.8,1278,"Hunterston Terminal","North Ayrshire",469625
"2025-07-21T15:00:00.000Z",9.4,1278,"Culloden Battlefield","Highland",498341
"2025-07-21T15:00:00.000Z",1.2,1278,"Lochwinnoch","Renfrewshire",509677
"2025-07-21T15:00:00.000Z",5,1278,"Daldowie STW","Glasgow City",327232
"2025-07-21T15:00:00.000Z",28.8,1278,"Penwhapple Reservoir","South Ayrshire",335375
"2025-07-21T15:00:00.000Z",0.6,1278,"Harelaw","Midlothian",335614
"2025-07-21T15:00:00.000Z",7,1278,"Mylnefield","Perth and Kinross",335651
"2025-07-21T15:00:00.000Z",8.4,1278,"Inshes","Highland",336367
"2025-07-21T15:00:00.000Z",16.4,1278,"Letham Grange","Angus",338381
"2025-07-21T15:00:00.000Z",0.8,1278,"Deanston RG","Stirling",341338
"2025-07-21T15:00:00.000Z",13.4,1278,"Langwell Lodge","Highland",354621
"2025-07-21T15:00:00.000Z",17.4,1278,"Kinghorn Ecology Centre Rain Gauge","Fife",473550
"2025-07-21T15:00:00.000Z",17.2,1278,"Muirshiel RG","Renfrewshire",490986
"2025-07-21T15:00:00.000Z",9.4,1278,"Einig Wood","Highland",492363
"2025-07-21T15:00:00.000Z",2.2,1278,"Baintown Rain-gauge","Fife",501947
"2025-07-21T15:00:00.000Z",0.8,1278,"Jedburgh Castle","Scottish Borders",541725
"2025-07-21T15:00:00.000Z",4.8,254,"Seilich Dam","Highland",574971
"2025-07-21T15:00:00.000Z",17.4,1278,"Carmyllie-Hume Farm","Angus",577951
"2025-07-10T12:00:00.000Z",0,254,"Blacklaw","Aberdeenshire",335578
"2025-07-21T15:00:00.000Z",1.4,1278,"Comiston Rain Gauge","City of Edinburgh",525510
"2025-07-21T14:00:00.000Z",15.2,1278,"Frenich Farm","Stirling",552790
"2025-07-21T15:00:00.000Z",26.6,1278,"Tomatin No2","Highland",564863
"2025-07-21T15:00:00.000Z",1.2,1278,"Badbea","Highland",518147
"2025-07-21T15:00:00.000Z",5.6,1278,"Dundreggan Rain Gauge","Highland",530175
"2025-07-21T15:00:00.000Z",10.2,1278,"Capenoch Raingauge","Dumfries and Galloway",576753
"2025-07-21T15:00:00.000Z",3.8,1278,"Kirkwall","Orkney Islands",515885
"2025-07-21T15:00:00.000Z",3,1278,"Balfron STW","Stirling",517412
"2025-07-21T15:00:00.000Z",15.8,1278,"Boleside","Scottish Borders",533744
"2025-07-21T15:00:00.000Z",13.6,1278,"Craigenlee Croft Raingauge","Dumfries and Galloway",513003
"2025-07-21T15:00:00.000Z",11,254,"Glengavel Reservoir","South Lanarkshire",536846
"2025-07-21T15:00:00.000Z",5.8,1278,"Dalblair","East Ayrshire",538510
"2018-01-30T10:00:00.000Z",1.4,254,"Dunglass","East Lothian",15208
"2025-07-21T14:00:00.000Z",3.4,1278,"Bow Burn Raingauge","South Ayrshire",101227
"2025-07-21T15:00:00.000Z",3.4,1278,"Cambo Sands","Fife",338380
"2025-07-21T15:00:00.000Z",3,1278,"Stewarton","East Ayrshire",536844
"2025-07-21T15:00:00.000Z",5,1278,"Earlsburn reservoir RG","Stirling",568155
"2025-07-21T15:00:00.000Z",9.8,1278,"Loch Venachar","Stirling",14898
"2025-07-21T14:00:00.000Z",8.5,1278,"Cairngorm Raingauge and Snow Scale","Highland",523676
"2025-07-21T14:00:00.000Z",4.6,1278,"Loch Katrine","Stirling",14910
"2025-07-21T14:00:00.000Z",7.6,1278,"Comer Farm","Stirling",552791
